CASE_ID,GROUP_ID,P00,FINITE_STATE,CAL_PASS,DEV_PASS,SEP_PASS,DEV_GE_40,CAL_GE_4,SEP_GE_4,CONFIRMATION_PASS
F00148,F01,P01,true,4,39,4,False,True,True,False
F00427,F01,P01,true,4,39,4,False,True,True,False
F00551,F01,P01,true,4,39,4,False,True,True,False
F00629,F01,P01,true,4,39,4,False,True,True,False
F00928,F01,P01,true,4,40,4,True,True,True,True
F01140,F02,P01,true,4,38,4,False,True,True,False
F01394,F02,P01,true,4,39,4,False,True,True,False
F01587,F02,P01,true,4,39,4,False,True,True,False
F01800,F02,P01,true,4,39,4,False,True,True,False
F11566,F12,P01,true,4,40,4,True,True,True,True
F12858,F13,P01,true,4,40,4,True,True,True,True
F13193,F13,P01,true,4,39,4,False,True,True,False
F13406,F14,P01,true,4,39,4,False,True,True,False
F13417,F14,P01,true,4,40,4,True,True,True,True
F13485,F14,P01,true,4,39,4,False,True,True,False
F14084,F14,P01,true,4,40,4,True,True,True,True
F14109,F14,P01,true,4,40,4,True,True,True,True
F14160,F14,P01,true,4,39,4,False,True,True,False
F14567,F15,P01,true,4,40,4,True,True,True,True
F14733,F15,P01,true,4,39,4,False,True,True,False
F16867,F17,P01,true,4,39,4,False,True,True,False
F19796,F20,P01,true,4,40,4,True,True,True,True
