CASE_ID,GROUP_ID,P00,REPLICATES,FINITE_STATE,STATUS__T005,VALUE__T005,LO__T005,HI__T005,STATUS__T004,VALUE__T004,LO__T004,HI__T004,STATUS__T003,VALUE__T003,LO__T003,HI__T003,STATUS__T002,VALUE__T002,LO__T002,HI__T002,STATUS__T006,VALUE__T006,LO__T006,HI__T006,STATUS__T009,VALUE__T009,LO__T009,HI__T009,STATUS__T010,VALUE__T010,LO__T010,HI__T010,STATUS__T011,VALUE__T011,LO__T011,HI__T011,STATUS__T012,VALUE__T012,LO__T012,HI__T012,STATUS__T013,VALUE__T013,LO__T013,HI__T013,STATUS__T014,VALUE__T014,LO__T014,HI__T014,STATUS__T015,VALUE__T015,LO__T015,HI__T015,STATUS__T016,VALUE__T016,LO__T016,HI__T016,STATUS__T017,VALUE__T017,LO__T017,HI__T017,STATUS__T018,VALUE__T018,LO__T018,HI__T018,STATUS__T019,VALUE__T019,LO__T019,HI__T019,STATUS__T020,VALUE__T020,LO__T020,HI__T020,STATUS__T021,VALUE__T021,LO__T021,HI__T021,STATUS__T022,VALUE__T022,LO__T022,HI__T022,STATUS__T023,VALUE__T023,LO__T023,HI__T023,STATUS__T024,VALUE__T024,LO__T024,HI__T024,STATUS__T025,VALUE__T025,LO__T025,HI__T025,STATUS__T026,VALUE__T026,LO__T026,HI__T026,STATUS__T027,VALUE__T027,LO__T027,HI__T027,STATUS__T028,VALUE__T028,LO__T028,HI__T028,STATUS__T029,VALUE__T029,LO__T029,HI__T029,STATUS__T030,VALUE__T030,LO__T030,HI__T030,STATUS__T031,VALUE__T031,LO__T031,HI__T031,STATUS__T032,VALUE__T032,LO__T032,HI__T032,STATUS__T033,VALUE__T033,LO__T033,HI__T033,STATUS__T034,VALUE__T034,LO__T034,HI__T034,STATUS__T035,VALUE__T035,LO__T035,HI__T035,STATUS__T036,VALUE__T036,LO__T036,HI__T036,STATUS__T037,VALUE__T037,LO__T037,HI__T037,STATUS__T038,VALUE__T038,LO__T038,HI__T038,STATUS__T039,VALUE__T039,LO__T039,HI__T039,STATUS__T040,VALUE__T040,LO__T040,HI__T040,STATUS__T041,VALUE__T041,LO__T041,HI__T041,STATUS__T042,VALUE__T042,LO__T042,HI__T042,STATUS__T043,VALUE__T043,LO__T043,HI__T043,STATUS__T044,VALUE__T044,LO__T044,HI__T044,STATUS__T045,VALUE__T045,LO__T045,HI__T045,STATUS__T046,VALUE__T046,LO__T046,HI__T046,STATUS__T047,VALUE__T047,LO__T047,HI__T047,STATUS__T048,VALUE__T048,LO__T048,HI__T048,STATUS__T049,VALUE__T049,LO__T049,HI__T049,STATUS__T050,VALUE__T050,LO__T050,HI__T050,STATUS__T051,VALUE__T051,LO__T051,HI__T051,STATUS__T052,VALUE__T052,LO__T052,HI__T052,STATUS__T053,VALUE__T053,LO__T053,HI__T053,STATUS__T054,VALUE__T054,LO__T054,HI__T054,STATUS__T055,VALUE__T055,LO__T055,HI__T055,STATUS__T056,VALUE__T056,LO__T056,HI__T056,STATUS__T057,VALUE__T057,LO__T057,HI__T057,CAL_PASS,CAL_TOTAL,DEV_PASS,DEV_TOTAL,SEP_PASS,SEP_TOTAL
Q001,Q01,P04,8,true,PASS,-0.015251387862575117,-0.01604092836106385,-0.014389226995397988,PASS,-0.002006555872923357,-0.01334588705967624,0.008522340471590334,PASS,0.06431051587301587,0.03154861111111111,0.13392559523809525,FAIL,15.55459788148869,13.812596205248292,19.024142761136694,FAIL,0.4028162623513767,0.2842031843486547,0.558766203757528,PASS,0.6387023079658091,0.6381174588757595,0.6394799126700017,PASS,4.972916666666671,4.865572916666671,5.04145572916667,PASS,1546.8754333469537,1545.759736765654,1548.6228026649815,PASS,0.9620543099134118,0.5337738989339833,1.97708265588882,PASS,0.35881586584751823,0.23256171414391538,0.4648469328144047,FAIL,3.234567003125626,2.8337702904466826,3.457832476230049,PASS,0.3506874239311365,0.20215468597239267,0.49362158643486015,FAIL,0.9676405325443787,0.9676405325443787,0.9676405325443787,FAIL,0.00252740806076193,0.00252740806076193,0.00252740806076193,FAIL,0.07502296750375886,0.07502296750375886,0.07502296750375886,FAIL,0.47545758198907584,0.47545758198907584,0.47545758198907584,FAIL,0.1818492445967488,0.1818492445967488,0.1818492445967488,FAIL,0.6712842245935219,0.6712842245935219,0.6712842245935219,PASS,-1.7253708936814154,-3.190489409678154,-0.6909505838760175,PASS,1.8673052506850647,0.9548493158342531,2.905845746223557,PASS,2.2345963155489192,1.6624647255622707,2.6674336370782656,PASS,-1.1471662246690897,-1.8695993651919345,-0.9035442882795781,PASS,1.2669039694182533,1.1971791721591096,1.386749953853149,PASS,1.9622736045913167,1.7677895520579543,2.314220545034337,PASS,-1.1976036898487923,-1.4597133814818146,-1.0135098205641877,PASS,1.4840348567973989,1.0237385300844415,1.8674535241429928,PASS,1.833405939812976,1.4266587075562414,2.201066892392792,PASS,-1.208481047147512,-2.4021136733057875,-0.22730596839527664,PASS,1.3472851278563853,0.28195865517165547,1.8646631405890461,PASS,1.9424793497907942,1.583773856455657,2.412928717965554,PASS,-0.21034721511765148,-0.2607773020003539,-0.14759920569706547,PASS,0.2445329874458178,0.12848875893095743,0.3354053995565045,PASS,1.7922969883022104,1.123285165654045,2.6140518743723833,PASS,-1.1771486098747324,-2.2786409189711545,-0.6830127417226082,FAIL,1.5731195081223937,0.6715208620602477,5.137656537480751,PASS,2.0866534274926183,1.5058990908166345,2.9931819829173074,PASS,0.02283239363666848,0.021918782129435092,0.02444486399824028,FAIL,0.182375,0.1775,0.184,FAIL,4.213063040969127,3.3701835738365458,5.170073406787862,FAIL,0.29566202323477725,0.14918159446991644,0.4643202574717289,PASS,0.5094024705348918,-0.18054616808971036,0.8524911907013232,PASS,0.6663905792689842,0.041442054841742765,0.9155624761792571,FAIL,0.47466275142273395,0.20152057620022118,0.6995288110135541,PASS,0.1180336805570435,-0.164112926462469,0.3878597605621827,PASS,0.2580951537489253,-0.04790820588292117,0.4948663318977439,PASS,0.13347309863707746,-0.17026684594038244,0.33968944936468404,PASS,0.6307674361331119,0.055274011652583235,0.9201163457057807,PASS,0.4508559781329575,0.09563064471314522,0.7076375431582608,PASS,0.41448618538456233,-0.1665027317411791,0.7905172328367567,FAIL,0.109375,0.0,0.24125000000000002,FAIL,15.291955341339143,11.350331532857004,20.9184243500403,FAIL,0.3208473178431717,0.17932713476307102,0.48435827880579657,PASS,0.9999848891547154,0.9999825427086141,0.9999865043787971,FAIL,13321.255308622038,7904.997427998904,18303.865222124983,3,5,33,49,1,7
Q002,Q01,P04,8,true,PASS,-0.37892367705282737,-0.4021399695067273,-0.36016102685285784,PASS,-0.019017067888482043,-0.053392906717595154,-0.007157744376483803,PASS,0.07708333333333332,0.0346875,0.14151488095238093,FAIL,27.79195779496061,25.573831894634367,30.100340527060307,FAIL,0.5819453165854672,0.5149852756725412,0.6725515066983105,PASS,0.6379979404301663,0.6375552720498676,0.6386170659221522,PASS,5.002708333333338,4.850958333333338,5.116755208333338,PASS,1546.3904768938182,1544.533992373835,1548.860702631327,PASS,1.057449417548732,0.7095572084912454,1.521179888638313,PASS,0.2782362083431498,0.1429487296089876,0.38604120009662474,FAIL,3.0566081008771384,2.800034979263584,3.3034968547254158,PASS,0.36296614101739716,0.1639653583909514,0.5701749139180605,FAIL,0.9676405325443787,0.9676405325443787,0.9676405325443787,FAIL,0.00252740806076193,0.00252740806076193,0.00252740806076193,FAIL,0.07502296750375886,0.07502296750375886,0.07502296750375886,FAIL,0.47545758198907584,0.47545758198907584,0.47545758198907584,FAIL,0.1818492445967488,0.1818492445967488,0.1818492445967488,FAIL,0.6712842245935219,0.6712842245935219,0.6712842245935219,PASS,-1.3155908115150003,-2.0705175567091616,-0.7362182290675546,PASS,1.4198144685703176,0.8542750331878266,2.8088284709349853,PASS,1.8434916052432926,1.0707450934593434,2.664400410577437,PASS,-1.304296434760956,-1.8971086857415218,-0.8699700842533025,PASS,1.335077685909364,1.2128954380216526,1.5886209894480912,PASS,2.0801766560939514,1.7647138033095773,2.3323389051066186,PASS,-1.1527622068735808,-1.2953985710283673,-1.0135098205641877,PASS,1.4028958320724318,0.8694423410276394,2.240446268874583,PASS,1.5803842624849278,1.103942045118544,2.1900105574905004,PASS,-0.6194901731704416,-1.6614144018463575,-0.1780057594419923,PASS,1.0725232441358712,0.249413975441121,2.1852793968733635,PASS,1.7294129716255133,0.7649392365823167,2.9145467727738708,PASS,-0.1780479569688641,-0.23383495124015813,-0.11070526477862233,PASS,0.22654823397811116,0.10205720838839535,0.3227169279801567,PASS,1.5420373321712575,1.074250581455225,2.1826024941575715,PASS,-1.1403609818934943,-1.716584806606733,-0.6357602964719222,FAIL,1.0374003656651793,0.5013366174032321,1.7600671848159828,PASS,1.7146744165407917,1.1560971577095842,2.4505866517683197,PASS,0.02325906558628722,0.022780264084103056,0.024232008698231212,FAIL,0.184,0.184,0.184,FAIL,4.36316836280557,3.5818495353121285,4.87513080388211,FAIL,0.30924488613100876,0.15300298292885456,0.44974958290287503,PASS,0.5504258110882341,-0.19482026794115603,0.85288012480366,PASS,0.7235808450308906,0.006682573839381645,0.914824860399134,FAIL,0.485994210020085,0.10695671860447425,0.6555199435132328,PASS,0.1150803048195574,-0.27203623615006406,0.3300611408779311,PASS,0.2685199534890348,-0.09291983085618312,0.46349144740650333,PASS,0.12752336313883356,-0.16656866585872143,0.35605254204237335,PASS,0.7170535048006749,0.2615986937261495,0.9208680496877685,PASS,0.487707815686532,0.040327139292073766,0.6867512295668308,PASS,0.5300149637750218,-0.08224303289693512,0.7602362795511426,FAIL,0.020208333333333335,0.0,0.05670833333333334,FAIL,17.222225352826115,14.667262124814375,19.757742873900618,FAIL,0.07481338046804173,-0.007681754788993275,0.24533007268324714,PASS,0.9881252843470052,0.9852541163257261,0.9896380315425698,FAIL,14977.0280244506,6799.612205737179,27859.99707994761,3,5,33,49,1,7
Q003,Q01,P04,8,true,PASS,-0.07765928137452052,-0.08020104146901533,-0.07551490706855787,PASS,0.00400828131446798,-0.010512603995762737,0.03891535066205848,PASS,0.05419642857142857,0.03305555555555555,0.07634920634920635,FAIL,14.932677056446257,13.541944262419275,16.02311272434354,FAIL,-0.14569335509617887,-0.32038877721303355,0.038705046222061765,PASS,0.6382318516429379,0.6376931902165381,0.6388151919283267,PASS,4.980312500000004,4.859614583333338,5.042546875000004,PASS,1546.7550420596367,1545.7419748116447,1548.7197939556086,PASS,1.0534755020017355,0.7178746250624206,1.6842135245727847,PASS,0.33591953645270634,0.22099274073909408,0.47352776062954494,FAIL,3.2855207378351503,3.083738399298916,3.422668071160385,PASS,0.32668631595490805,0.19267081330207156,0.4583987263063742,FAIL,0.9676405325443787,0.9676405325443787,0.9676405325443787,FAIL,0.00252740806076193,0.00252740806076193,0.00252740806076193,FAIL,0.07502296750375886,0.07502296750375886,0.07502296750375886,FAIL,0.47545758198907584,0.47545758198907584,0.47545758198907584,FAIL,0.1818492445967488,0.1818492445967488,0.1818492445967488,FAIL,0.6712842245935219,0.6712842245935219,0.6712842245935219,PASS,-2.311758746779624,-4.306700753045103,-0.8095601451999157,PASS,2.6901298725735496,0.8798656063754831,4.98575280661108,PASS,1.9885814918968718,0.9078297569493924,2.7243880733839942,PASS,-1.55506964013232,-1.9488939915730426,-1.0802053443693096,PASS,1.195283178343023,1.0047956557984346,1.386749953853149,PASS,2.2233514830855916,1.9421122243525681,2.4735207090533233,PASS,-2.348542879873749,-4.2144964126364135,-1.063982483796005,PASS,2.2306576844491475,1.3288737545702687,3.4983127572192183,PASS,1.7581796097551763,1.0838376712244537,2.418019122944287,PASS,-2.2742292857944473,-4.849218998166645,-0.18790542460826207,PASS,2.067738570839036,0.2971350290527764,3.9861467549039986,PASS,1.5343380715479464,0.3874465871009265,2.150023209444851,PASS,-0.21117518418734893,-0.26691543693542846,-0.13705656141649628,PASS,0.1912682185347941,0.09076746916516999,0.2698791092848025,FAIL,1.1903741635361458,0.9601408541598268,1.3805404051425605,PASS,-1.3802320584021674,-2.18866663564005,-0.7683421394254731,FAIL,1.2082671770749942,0.9127882744954863,1.6220915107736145,PASS,1.9013590428878921,1.519555801423218,2.284868483231582,PASS,0.022547680276666454,0.02161412604507629,0.023014702679969086,FAIL,0.18156250000000002,0.1721375,0.184,FAIL,4.606325776410555,4.0377294520571585,5.679551371140939,FAIL,0.46417069391668553,0.31878804594862303,0.6515639289076249,FAIL,0.840379721584912,0.7647863641753346,0.9242729535770702,FAIL,0.9144637474497401,0.8881157129499463,0.9478612229179125,FAIL,0.6395834086826371,0.5286220723458298,0.7427627153134422,FAIL,0.39724400082505507,0.22726820192309188,0.5962259876583683,FAIL,0.486409538773677,0.3262417303542486,0.6807323975270885,PASS,0.3219174470243156,0.12858073740255918,0.5098437271273408,FAIL,0.9090822850878013,0.8592199615406436,0.957256627182077,FAIL,0.6743484953799233,0.5705521297463578,0.7660805065770894,FAIL,0.7480382420955913,0.6373067362110452,0.8084654809022311,FAIL,0.11229166666666666,0.027625,0.1775,FAIL,3.6541907115481296,3.0257214080447716,4.314024153907817,FAIL,0.031111439771188715,-0.20716876827060424,0.313068374119878,PASS,0.9997649190855905,0.9997289976886548,0.9997869545407896,FAIL,16500.26028437575,8586.43574312298,30936.408731999363,3,5,25,49,1,7
Q004,Q01,P04,8,true,PASS,-0.49334003042909275,-0.5084123127991331,-0.47561824225950083,PASS,-0.008463694684574108,-0.032255362676739105,0.021754791497601837,PASS,0.05887400793650794,0.043131944444444445,0.07883333333333334,FAIL,24.33751508523269,22.327709809709525,26.52631297641875,FAIL,0.5053411819827449,0.4449388700067575,0.5832753774996426,PASS,0.6382277745852631,0.6376887553598373,0.6385393216296338,PASS,4.943424479166671,4.835697916666671,5.068322916666671,PASS,1547.3555148007786,1545.3223857405667,1549.109115639664,PASS,1.081193442951723,0.6984079934249379,1.9511848099836218,PASS,0.33131207328477186,0.21636536099931586,0.40398396880006365,FAIL,3.147442023639892,3.060007336632621,3.2985320310827375,PASS,0.3865731346767354,0.19347639930320956,0.5574455723750025,FAIL,0.9676405325443787,0.9676405325443787,0.9676405325443787,FAIL,0.00252740806076193,0.00252740806076193,0.00252740806076193,FAIL,0.07502296750375886,0.07502296750375886,0.07502296750375886,FAIL,0.47545758198907584,0.47545758198907584,0.47545758198907584,FAIL,0.1818492445967488,0.1818492445967488,0.1818492445967488,FAIL,0.6712842245935219,0.6712842245935219,0.6712842245935219,PASS,-2.1085637211940993,-4.190214111330282,-0.9662525564019347,PASS,2.0963950262550766,0.9786324363444784,4.621769071043264,PASS,2.4257329021952674,1.9819098031559812,2.793968876821523,PASS,-1.2288788520937528,-1.8695993651919345,-0.8026305950125532,PASS,1.2517257827367045,1.0566790471115906,1.4789041503589186,PASS,2.206693771206052,1.8981986985961035,2.4396689254352135,PASS,-1.5742739885270258,-3.7065870737117916,-1.0042276086580426,PASS,1.6440048145762671,1.0258873885438056,3.1592954597209015,PASS,1.6688500731462943,1.1432329792846758,2.349088708662642,PASS,-1.4898301259445799,-4.347540131751682,-0.2531408008490934,PASS,1.7794304495649773,0.5115647273545597,3.596184507448964,PASS,1.8386416649373394,1.6497569401182486,2.214082847896626,FAIL,-0.2105138420372487,-0.268928925549127,-0.16345545344526993,FAIL,0.29540432897390834,0.2087427274983083,0.3354053995565045,PASS,1.4845640780038296,1.1123004893239845,1.991235930659235,PASS,-1.3040521551329878,-2.2357674872160684,-0.837092418865302,FAIL,1.3583782010234453,0.6100981971593668,2.755033521471025,PASS,1.9412032874930656,1.2788947606230459,2.3041040144645115,PASS,0.022672978249710006,0.021126822014837936,0.02373942707694146,FAIL,0.18156250000000002,0.1721375,0.184,FAIL,4.482548680538793,3.544724468041841,4.914481809043163,FAIL,0.3267206303222136,0.1976355618256307,0.4277466326145776,PASS,0.6536823457143394,0.03861323613580228,0.8501717097200853,PASS,0.7695731420418046,0.150315127179995,0.9104747003058594,PASS,0.4904234524759427,0.02068632298408503,0.6573934398436002,PASS,0.18498144350859597,-0.18611951396557339,0.37927594597138414,PASS,0.3579231745874739,0.06983155320098615,0.508969757693518,PASS,0.2259032358545533,-0.12100603943688966,0.45961317275903607,PASS,0.7661360603659094,0.22438100362912733,0.9151071370058359,PASS,0.5177003264102522,0.10361609041819503,0.6815029661665315,PASS,0.5703772495691608,-0.11928887952695266,0.7665514319195886,FAIL,0.042708333333333334,0.0,0.136875,FAIL,17.02264711962014,13.812369599216852,19.104227609318794,FAIL,0.08953954897945113,-0.04916191266583173,0.21518953046315123,PASS,0.9935263065192987,0.9928075834074226,0.9939676506102252,FAIL,14144.910073981331,8766.644244808227,20023.149515846184,3,5,32,49,1,7
Q005,Q02,P04,8,true,PASS,0.0002458813782063535,-7.577351522033983e-05,0.0006695134006568262,PASS,0.006900019006062772,-0.006756396460709824,0.021719173568480694,PASS,0.04203373015873016,0.021111111111111112,0.06804265873015873,FAIL,17.93160792681204,16.77711457340203,19.43601170234789,FAIL,0.2629675339257136,0.16017344289776936,0.38775471933276834,PASS,0.6384448592738647,0.6380751211261516,0.638689228491455,PASS,4.967812500000004,4.862304687500004,5.067093750000004,PASS,1546.9585202917215,1545.3423944333886,1548.676003744412,PASS,1.1672375001549318,0.7373025452015645,2.0949248767768753,PASS,0.27298731483762784,0.17461997282555616,0.4033234156211373,FAIL,3.275835526300091,3.1605963316890846,3.420147559835069,PASS,0.3099647685170738,0.2678190307245585,0.43036074013108505,FAIL,0.9676405325443787,0.9676405325443787,0.9676405325443787,FAIL,0.00252740806076193,0.00252740806076193,0.00252740806076193,FAIL,0.07502296750375886,0.07502296750375886,0.07502296750375886,FAIL,0.47545758198907584,0.47545758198907584,0.47545758198907584,FAIL,0.1818492445967488,0.1818492445967488,0.1818492445967488,FAIL,0.6712842245935219,0.6712842245935219,0.6712842245935219,PASS,-1.8781104870967829,-2.995741002765425,-0.7666134140998466,PASS,2.646521844580474,0.8495845986484818,4.654954501890836,PASS,1.9713748788649346,1.0865928096168478,2.416716318441686,PASS,-1.328585619021366,-1.6157939840711175,-1.1415622217186348,PASS,1.233006758768024,1.084325103153123,1.3765974559147502,PASS,2.186026709817413,2.0032435237005015,2.515250138148644,PASS,-1.6064198568376198,-3.7378868415573274,-1.137031496660593,PASS,1.7614295764858672,0.9352353035411924,2.6151411179845385,PASS,1.925966668441351,1.2708009275363452,2.198290027626715,PASS,-1.7111523105915283,-4.436552779708425,-0.1700369063041706,PASS,1.4776031020317015,0.22399977400662466,2.6286850197289895,PASS,2.010915305126683,0.5439896888741083,2.6945337145187733,PASS,-0.20591255539557343,-0.26545420982992285,-0.13550899365919503,PASS,0.2107154263760606,0.08792903759442292,0.31940703488841565,PASS,1.462982920959772,1.0755034227054001,2.0731594160736995,PASS,-1.477656538122353,-2.605134565010693,-0.7027281302614264,FAIL,1.3738702942730259,0.4743097358992556,3.2123107362014043,PASS,1.935804133176137,1.1761445463816251,2.3910624627828083,PASS,0.02313433848150737,0.022318166279239295,0.023862644438387842,FAIL,0.184,0.184,0.184,FAIL,4.7257749494474695,4.2430040327908385,5.835302403756623,FAIL,0.3205445507553345,0.06120996655167488,0.5324402737183674,PASS,0.5804384904508919,-0.17611497018983657,0.8623401119505647,PASS,0.7611036634378614,0.1585375888311339,0.9292167145671669,FAIL,0.4995165036430593,0.14027815205638738,0.7691686193281936,PASS,0.19762810896242272,-0.185883272290407,0.4493372608794981,PASS,0.32659957662370465,0.020204032666872096,0.5537482764445273,PASS,0.17310934491830643,-0.21373129487511422,0.43598254984187834,PASS,0.6912707882332818,0.10569746812597118,0.927014371307937,PASS,0.49743081552982593,0.06893731716319862,0.7753560000844945,PASS,0.536540811412051,-0.1156911108449751,0.825089570480926,FAIL,0.02395833333333333,0.0,0.12020833333333335,FAIL,22.94246051859644,19.57046493774383,26.930400643745728,FAIL,0.10817584529026568,-0.023801487584689827,0.30342615664933664,PASS,0.9720522663901634,0.9708430264021666,0.9729908375785409,FAIL,11059.444215669391,8302.919569821997,17278.496751074035,3,5,33,49,1,7
Q006,Q02,P04,8,true,PASS,-0.07406768682295399,-0.07542545254607046,-0.0722878373018335,PASS,-0.01240701971402794,-0.030494805459748628,0.0011262891935742265,PASS,0.04660218253968254,0.02329861111111111,0.06634027777777778,FAIL,31.26043435820948,30.367554881002935,31.720839501547072,FAIL,0.392123463054796,0.2925413366377291,0.5228851206656793,PASS,0.6382057330497618,0.6380259736317156,0.6383886695294132,PASS,5.011106770833337,4.908367187500004,5.100638020833338,PASS,1546.2537649566361,1544.7963521193292,1547.9261864591797,PASS,1.0058195016926248,0.8293841899237516,1.4138398888371397,FAIL,0.2605861689442792,0.16627119942404692,0.35209071552852983,FAIL,3.2688130242697158,3.100223747077303,3.4675524045670603,PASS,0.3730379398397532,0.3107843173589292,0.460983955672747,FAIL,0.9676405325443787,0.9676405325443787,0.9676405325443787,FAIL,0.00252740806076193,0.00252740806076193,0.00252740806076193,FAIL,0.07502296750375886,0.07502296750375886,0.07502296750375886,FAIL,0.47545758198907584,0.47545758198907584,0.47545758198907584,FAIL,0.1818492445967488,0.1818492445967488,0.1818492445967488,FAIL,0.6712842245935219,0.6712842245935219,0.6712842245935219,PASS,-1.6030801289250534,-2.330103050109308,-0.7961243333006802,PASS,1.986278944071941,0.8748788854791871,4.180929935730502,PASS,2.065019391719533,1.409183968686414,2.4901786423628782,PASS,-1.51667226353239,-1.9493287362007612,-1.0087383781682937,PASS,1.2727697908024118,1.1312379352063426,1.3560318883512257,PASS,2.219049656938833,1.9989337014430797,2.433733174254145,PASS,-1.2116590452908649,-1.3121573330671452,-1.137031496660593,PASS,1.9432297010917785,1.4972189608895838,2.385655573931433,PASS,1.8572321293004066,1.3245483316520794,2.1864175880243186,PASS,-1.1207167160581624,-1.9824826186525693,-0.21324284820761832,PASS,1.623118371288648,0.43096886326273254,2.2759587420850895,PASS,2.166171233962728,1.4596593754735732,2.72661250856208,PASS,-0.197372668785328,-0.25921833272383094,-0.15034060835683966,PASS,0.20256287445317306,0.13167826970658902,0.28662364416587527,PASS,1.3998254736129927,0.9407791013670221,2.3255939302330453,PASS,-1.6974162254031708,-2.404942547860517,-0.9986663048105553,FAIL,1.0065782326133752,0.6483355877954472,1.332655696307537,PASS,2.077056871618571,1.580330616159191,2.638877143350961,PASS,0.02310880534438991,0.02241010517689416,0.023591215782005404,FAIL,0.184,0.184,0.184,FAIL,4.452360679627845,3.940823542575865,4.815243497515405,FAIL,0.3416046277438712,0.11652230946783276,0.4992696127081222,PASS,0.6986553037933155,0.1616892248683528,0.8763789275504605,FAIL,0.8681467202143935,0.6578177224180443,0.9346906702744183,FAIL,0.5240897416982072,0.15038001923699731,0.7000802180972653,PASS,0.22608756200039817,-0.20277549731346145,0.4471420694011467,PASS,0.3454679131723486,0.03618530478099766,0.5107668219992285,PASS,0.18381746422159828,-0.1432246851172025,0.3681321907398051,PASS,0.7801343928334965,0.29080678795988835,0.9297438041721934,PASS,0.4995749864871692,0.07598451607542638,0.7331417927251466,PASS,0.5861154284078188,0.15242180776304884,0.799764871209429,FAIL,0.03645833333333333,0.0,0.18750000000000003,FAIL,12.146898536383684,10.731505342212248,14.704788150792702,FAIL,0.17107586860666252,0.051871314248782066,0.32715072225984754,PASS,0.9997384697439045,0.9996792155586731,0.9997662543294529,FAIL,12918.725904256968,6759.229517818769,17865.80448265029,3,5,31,49,1,7
Q007,Q02,P04,8,true,PASS,-0.0002699796215547006,-0.001663403446848558,0.0006695855127465537,PASS,-0.00371861246180865,-0.01840012845898598,0.010286823740104678,PASS,0.05482142857142857,0.03361111111111111,0.09561805555555555,FAIL,16.630366071364378,14.834106841027895,19.2857973389227,FAIL,0.29400356696403585,0.1440552789843455,0.3971753147914792,PASS,0.6378946325034729,0.6371502580993583,0.6385131217307531,PASS,4.987799479166671,4.883093750000004,5.084893229166671,PASS,1546.6331670768777,1545.0526499091593,1548.3375940096757,PASS,0.9581289798522197,0.6604499220154594,1.437016339725613,PASS,0.36659873693244344,0.2273295270809334,0.4900845519001986,FAIL,3.0943460688264923,2.7233332096634317,3.434082940517682,PASS,0.37499112668941836,0.24559507486303264,0.4945778766598218,FAIL,0.9676405325443787,0.9676405325443787,0.9676405325443787,FAIL,0.00252740806076193,0.00252740806076193,0.00252740806076193,FAIL,0.07502296750375886,0.07502296750375886,0.07502296750375886,FAIL,0.47545758198907584,0.47545758198907584,0.47545758198907584,FAIL,0.1818492445967488,0.1818492445967488,0.1818492445967488,FAIL,0.6712842245935219,0.6712842245935219,0.6712842245935219,PASS,-1.9280448032398299,-3.3069760513929745,-0.8875168827184748,PASS,2.284778251289187,0.882787046830365,4.912820896908979,PASS,2.134819038684356,1.1320097759057473,3.054274447336832,PASS,-1.4935516608611792,-1.8971086857415218,-1.1090472548633745,PASS,1.2813855645085663,1.1262015293836443,1.4789041503589182,PASS,2.1279434854298103,1.8136162845076642,2.4714349759867362,PASS,-1.6215828153900356,-3.7378868415573274,-1.0454075635312035,PASS,1.9452807189233612,1.3288737545702687,3.3035977501438563,PASS,1.951310722729506,1.335762420924644,2.4347743945644633,PASS,-1.4793324170986923,-4.436552779708425,-0.23229888951923283,PASS,1.6194196301799044,0.31621520334432607,3.68686385266069,PASS,2.082152954350551,0.9995427833550666,2.7743198192108394,PASS,-0.20747297437363033,-0.26676223671482097,-0.13355730166616994,PASS,0.22702562788610312,0.13236242777604007,0.32515071381317395,PASS,1.510432947321338,1.0628486780958053,2.3718464001176702,PASS,-1.63519258958276,-2.4232446213272416,-0.8013559996734338,FAIL,1.0120124013595335,0.6955210140255633,1.3716687195828732,PASS,2.028009421655182,1.4982986658403739,2.4496326375424156,PASS,0.022139833259571584,0.020038582376272505,0.023153287062142154,FAIL,0.1831875,0.1786375,0.184,FAIL,4.56330564604132,4.284066751563781,4.7134555172661114,FAIL,0.3569581581340784,0.08988481267736023,0.5666979813629255,PASS,0.6930658078618965,0.11933640365641672,0.8873618578259,FAIL,0.8585509679444513,0.6444663510641906,0.931538658530685,FAIL,0.5275415780962337,0.2224964735987952,0.7023288063325616,PASS,0.22474479400797362,-0.17160306771227785,0.4652787422153859,PASS,0.36808246476346906,0.03545631772151697,0.5915029851670496,PASS,0.21708906329135996,-0.06444077040119668,0.4618997103873197,PASS,0.7739106767964296,0.2470462714211421,0.9375420865445238,PASS,0.4978427807179054,0.03028180904098369,0.7196716708516097,FAIL,0.6103277105758089,0.24170173956506116,0.786096775073489,FAIL,0.008452380952380953,0.0,0.031000000000000003,FAIL,19.572669276311096,16.256798266949044,22.985120268855912,FAIL,0.26998642821443897,0.072695616397122,0.40807597060229,PASS,0.9690409160165091,0.9673347057951124,0.9707624835205976,FAIL,13327.003215026427,9282.242281202478,16833.605714992966,3,5,31,49,1,7
Q008,Q02,P04,8,true,PASS,0.0002968383071880256,-0.00011105789902908412,0.0008646471480895045,PASS,-0.005654285206493342,-0.011148797529028278,0.0005743181451205632,PASS,0.08133928571428571,0.04829861111111112,0.1281736111111111,FAIL,26.237685925141992,24.592990540648938,27.87456671093279,FAIL,0.36707976252425634,0.26599532684152727,0.43942955856439014,PASS,0.6380903737226347,0.6377554432133635,0.6385741401501566,PASS,5.000703125000004,4.896614583333337,5.118466145833337,PASS,1546.4231181935486,1544.5061412908185,1548.1174983886376,PASS,1.1175260311574902,0.7737208865104808,1.5997757898978096,PASS,0.25381900315463113,0.15951718696449058,0.4138103351894656,FAIL,3.133196268885593,2.9922869189801986,3.336089048067852,PASS,0.36301015216983656,0.2531026660068534,0.4749687157030851,FAIL,0.9676405325443787,0.9676405325443787,0.9676405325443787,FAIL,0.00252740806076193,0.00252740806076193,0.00252740806076193,FAIL,0.07502296750375886,0.07502296750375886,0.07502296750375886,FAIL,0.47545758198907584,0.47545758198907584,0.47545758198907584,FAIL,0.1818492445967488,0.1818492445967488,0.1818492445967488,FAIL,0.6712842245935219,0.6712842245935219,0.6712842245935219,PASS,-2.147776202610201,-4.504759420353543,-0.7553517316387213,PASS,2.633540458461132,0.8553327192509178,4.98575280661108,PASS,2.1773559835691847,1.0795247879044596,2.795712384151915,PASS,-1.5559346614311687,-1.9488939915730426,-1.098814813372132,PASS,1.3659553788469885,1.2074849202656952,1.5049679635120652,PASS,2.107533340647203,1.99526629179708,2.2290449136272907,PASS,-2.0617327753933234,-4.2144964126364135,-1.1339518215488857,PASS,2.2075912483331237,1.0803847769845472,3.4983127572192183,PASS,1.957998285425596,1.2095380762962649,2.4672560373034926,PASS,-1.7818099643587568,-4.849218998166645,-0.1966899197311761,PASS,2.0906055169170257,0.281047128531253,3.9861467549039986,PASS,1.7360278350741547,0.5183738684450289,2.33163743391569,PASS,-0.1923819584267124,-0.2670396969631327,-0.1360799639907856,PASS,0.19552116404761416,0.09567799583267153,0.32347811535156484,PASS,1.1861251098246264,0.8305363293750173,1.7652782677121914,PASS,-1.8588350792250443,-2.4271268793353347,-0.8504090838626559,FAIL,1.1485578669108125,0.6154139089566952,1.8075146273690388,PASS,2.089729341541319,1.6569413832910984,2.4216890917460336,PASS,0.02308058368270941,0.02155768860277337,0.024856924114752484,FAIL,0.184,0.184,0.184,FAIL,4.353703254409069,3.802023576127467,5.292799157552418,FAIL,0.40680907930153853,0.16048927142814362,0.5222542515217613,PASS,0.7084716641422213,0.009468434914922136,0.9067350197369414,PASS,0.8018801820117825,0.18323454233568542,0.9431775556844417,FAIL,0.5891742457371396,0.1607408342568516,0.7629073654616556,PASS,0.2992285347741772,0.006515203347434134,0.4414175581879539,PASS,0.39886276289181677,0.057555620315060965,0.560280949522461,PASS,0.2546077101760697,-0.15854167466639285,0.4901138135413172,PASS,0.8103814031818313,0.2444202509586858,0.9487734948727339,FAIL,0.6275081885894196,0.28167958284652916,0.77379047084093,PASS,0.6417455252682565,-0.009833057249761329,0.8179196710140672,FAIL,0.042083333333333334,0.025,0.07808333333333334,FAIL,12.609697459916585,5.464860013909355,17.58064350342352,FAIL,0.26140301844449637,0.1035238942351852,0.4055568752362622,PASS,0.9835478203854663,0.9820963709667119,0.9862160197157134,FAIL,19207.646775853278,11646.507596890513,32243.53707961749,3,5,32,49,1,7
Q009,Q03,P05,8,true,PASS,-0.06698349912269931,-0.0790416714818157,-0.05798285209622775,PASS,-0.017705501823535648,-0.038240829252898435,0.00456694245318175,PASS,0.061096230158730155,0.021111111111111112,0.15535515873015873,PASS,4.648062646908266,2.3246406630712815,6.297219571971953,FAIL,0.932782409300582,0.9019836221703246,0.9550094070147708,FAIL,0.23953758929358437,0.23221868480218222,0.24529741406256425,PASS,4.9508854166666705,4.851455729166671,5.061591145833337,PASS,1547.2340637310028,1545.4319672468039,1548.8526058933421,PASS,1.0225568506097988,0.8461708522155654,1.331138825034574,PASS,0.3160712429210558,0.2743923797901694,0.42898454061849256,FAIL,3.198848209702419,2.7250821716407314,3.5066199434115193,PASS,0.36654261760130236,0.23330746804177818,0.5355712828302508,FAIL,0.6142751479289941,0.6142751479289941,0.6142751479289941,FAIL,0.0015833221189812052,0.0015833221189812052,0.0015833221189812052,PASS,0.08879022080240917,0.08879022080240917,0.08879022080240917,FAIL,0.2222970516048579,0.2222970516048579,0.2222970516048579,PASS,0.2109926998463887,0.2109926998463887,0.2109926998463887,PASS,0.4370703299516857,0.4370703299516857,0.4370703299516857,PASS,-1.703806413255835,-4.240681197275622,-0.8114709904096554,PASS,1.895614735170069,0.8542750331878266,4.654954501890836,PASS,1.6394256590861787,0.8195820463299133,2.2506388897152023,PASS,-1.2950591161070681,-1.6157939840711173,-0.8876141826519975,PASS,1.245220239207756,1.0816939405306707,1.386749953853149,PASS,2.2313589796082454,1.8816516714188456,2.5145285105734705,PASS,-1.2401183962891247,-1.4910131493273506,-1.0210578925763407,PASS,1.582715348987454,1.032333963921898,2.6151411179845385,PASS,1.6923346166694362,1.0772856356699294,2.1769430339334654,PASS,-0.8500246863713022,-2.4911263212625308,-0.23833920673939596,PASS,1.2342887066518828,0.2798842800199972,2.6286850197289895,PASS,1.787106987264211,0.2646215926768667,2.784426352412565,PASS,-0.1916816801836092,-0.2558832310081259,-0.13757150563230666,PASS,0.2482068841174116,0.13601309432918038,0.3260766499827751,PASS,1.6561747339003077,1.0430464023480217,2.251219153098674,PASS,-1.3900759003621883,-2.1573793747609242,-0.998374048836005,FAIL,1.4559701045898001,0.8348067208958433,1.978695436164447,PASS,1.9473984358458039,1.6696175028935507,2.2933026355374455,PASS,0.022253378191923134,0.021040784490307482,0.024480905239803313,FAIL,0.184,0.184,0.184,FAIL,4.537648889568349,3.8245046132709906,5.241311721716329,PASS,0.2829051703711714,0.035804229117700204,0.43810570842436497,PASS,0.5645962437373098,0.08988043912764684,0.8199879400346235,FAIL,0.8128703808262817,0.6341844099157675,0.9066152534931861,FAIL,0.43444109996066044,0.10731795180133753,0.6494072563693616,PASS,0.10067826333130685,-0.3227044407581424,0.3746794194509776,PASS,0.29674331468646886,0.07780259263818616,0.5170537805139301,PASS,0.12766044807879898,-0.15201106960256838,0.40523203690052834,PASS,0.659385275925766,0.13318507661188161,0.8986111798184147,PASS,0.38746908833179716,-0.044688127463140624,0.6638044705387922,FAIL,0.5208546301429402,0.17496468712167954,0.7615092216568546,FAIL,0.021354166666666667,0.0,0.0775,FAIL,0.0,0.0,0.0,FAIL,-0.3958536782840269,-0.5833309954243678,-0.22933234472716818,PASS,0.8855147359784243,0.7879233907302827,0.9621555138730066,FAIL,1430245.655575302,622550.5749653014,4086499.590058286,4,5,34,49,3,7
Q010,Q03,P03,8,true,FAIL,-1.2673293494163134,-1.4038297624431468,-1.1679482954240383,PASS,-0.4630472414391684,-0.4985076059883249,-0.4104024391238511,PASS,0.049340277777777775,0.02266666666666667,0.0834513888888889,FAIL,9.76948825390319,6.213881716131347,12.936850329667639,PASS,0.031165525588442544,-0.13853306041023003,0.19077148960221543,FAIL,0.4447892071097391,0.44153484561615286,0.4484451437886965,PASS,5.030742187500004,4.94570572916667,5.164622395833338,PASS,1545.93413456707,1543.7547979188455,1547.3183800234233,PASS,1.0058015783106444,0.618141494913291,1.5939713337948833,PASS,0.3495437050013773,0.23916059721631922,0.5065917539195385,FAIL,3.542677565856075,3.4554455587717117,3.595961392211033,FAIL,0.2997727867604344,0.20507856856477127,0.37450462660218137,FAIL,0.9685650887573964,0.9685650887573964,0.9685650887573964,FAIL,0.002418019029183421,0.002418019029183421,0.002418019029183421,FAIL,0.07383701332255015,0.07383701332255015,0.07383701332255015,FAIL,0.4746430369666929,0.4746430369666929,0.4746430369666929,FAIL,0.181497751784151,0.181497751784151,0.181497751784151,FAIL,0.6705001844186845,0.6705001844186845,0.6705001844186845,PASS,-2.31737757639492,-3.3069760513929745,-0.8583854449296309,PASS,2.6355807438945895,0.9193580690486984,4.98575280661108,PASS,2.397923067432201,1.7860375186380752,2.680331578862741,PASS,-1.4886251507315942,-1.8971086857415218,-1.1021501406819558,PASS,1.2142295913430745,0.779968260550955,1.386749953853149,PASS,2.1390548595807193,1.8091652208841116,2.3881955941095563,PASS,-1.737916908716246,-3.857039234327099,-1.0785009521797675,PASS,2.231247632286457,1.3297807692041643,3.4983127572192183,PASS,2.0107010173912627,1.419633313462855,2.4207807358063915,PASS,-2.162046649818828,-4.53971933432298,-0.2881606763890254,PASS,2.1288997560032907,0.37990581344263896,3.9861467549039986,PASS,2.079332813489751,1.666856838981383,2.4961373614945397,PASS,-0.21102515538429284,-0.23872902223238618,-0.14044395269807985,PASS,0.19198982469810738,0.0903209026854605,0.32347811535156484,PASS,1.2438836665554147,0.7248720356852335,1.736748685683652,PASS,-1.4962665358535554,-2.3254036757583303,-0.5549734746932139,FAIL,1.0907162633464915,0.9112364003974092,1.3558330524111823,PASS,1.9250364004849512,1.6142183988648628,2.081948096718,PASS,0.022657653636650628,0.02125487930912859,0.023881247382878498,FAIL,0.182375,0.173275,0.184,FAIL,4.464352725679939,4.00358417630178,4.745897810646698,FAIL,0.4169822016303887,0.2080739449181925,0.6670472739019315,PASS,0.7128298199430216,-0.0031790320931006366,0.9097485255829034,PASS,0.7884468839014773,0.08520154226657013,0.9529208486735083,FAIL,0.5796743387957943,0.310844129594119,0.7922532888946597,PASS,0.2980674329423654,-0.10756397377591839,0.5854755200289954,PASS,0.4083803598621775,-0.04387569513159745,0.6514531952118042,PASS,0.28279725388478305,-0.08415960780338744,0.5344977605929963,FAIL,0.8283923340750294,0.39022592001007483,0.9553125846502387,FAIL,0.5960504490627989,0.33523417749056755,0.8095377951049649,PASS,0.6158041012737123,0.013467998328282882,0.8322504859327301,PASS,0.33541666666666664,0.2,0.54125,FAIL,0.0,0.0,0.0,PASS,-0.18026536056889594,-0.3447539485082458,-0.06550194784529957,PASS,0.8719448030476984,0.8545736759616553,0.8920603458945938,FAIL,88413.17443863027,65897.78442027266,138617.09784087003,3,5,31,49,0,7
Q011,Q03,P01,8,true,FAIL,-4.73448129634559,-4.751541217267434,-4.713219939805236,PASS,-0.9357472384321681,-1.0014664634764285,-0.879189112669877,PASS,0.06607638888888889,0.05397222222222223,0.07429861111111112,FAIL,10.355016033696842,8.302481550065556,12.49976460255194,FAIL,0.9701390613808385,0.9611713031116895,0.9779986939972682,FAIL,0.37375590553821675,0.36761639747975555,0.3776681912395393,PASS,5.026184895833337,4.951395833333337,5.177013020833337,PASS,1546.0083193391843,1543.5531001212912,1547.2257550365264,PASS,1.2138348618463348,0.641503728603268,1.8112927463023683,PASS,0.2847927957866404,0.20654048342972506,0.4044497272913363,FAIL,7.126470738298364,7.055316405227665,7.22729282445318,FAIL,1.459668941931695,1.320167863219349,1.5525033114075923,FAIL,0.6142751479289941,0.6142751479289941,0.6142751479289941,FAIL,0.0015833221189812052,0.0015833221189812052,0.0015833221189812052,PASS,0.08879022080240917,0.08879022080240917,0.08879022080240917,FAIL,0.2222970516048579,0.2222970516048579,0.2222970516048579,PASS,0.2109926998463887,0.2109926998463887,0.2109926998463887,PASS,0.4370703299516857,0.4370703299516857,0.4370703299516857,PASS,-2.078724969012759,-3.3729956071624545,-0.7814017128857194,PASS,2.626025280133292,0.8579687730346438,4.98575280661108,PASS,2.2267303460674874,1.4363410207594831,3.2649568980620742,PASS,-1.3243192935929204,-1.955042522736491,-0.8195849606581258,PASS,1.2838539212004993,1.2043931958337195,1.3560318883512257,PASS,2.142796145552452,1.6341715707158078,2.425238040436414,PASS,-1.7272908170504344,-3.857039234327099,-1.03880774216006,PASS,1.8937076310127066,0.7466998908433862,3.4983127572192183,PASS,2.013295483178781,1.3970310634580576,2.426844015497883,PASS,-1.7312685898813902,-4.53971933432298,-0.17221566370453575,PASS,1.8478977417220195,0.2678345514174669,3.9861467549039986,PASS,2.1934975289818475,1.6921536555358059,2.7883965483175106,PASS,-0.20258640744417272,-0.2661764394413582,-0.12977368814982987,PASS,0.24156333049017953,0.0966916175144964,0.34202880256961943,PASS,1.6738211954243238,0.9189725498849607,2.478501750446931,PASS,-1.6617237068141462,-2.388431152175366,-1.1158159166526358,FAIL,1.0447761845611079,0.5303935087632111,1.5802103480910825,PASS,1.8639569167990482,1.36075748462966,2.4749884580720227,PASS,0.023331308070816546,0.02216299799246955,0.024836478316395714,FAIL,0.184,0.184,0.184,FAIL,4.730117277908207,3.799288305907166,5.711196623794528,PASS,0.29651689566482353,0.04105522645736073,0.6577568589957031,PASS,0.45018609976660917,-0.17039238170152088,0.9143848467706006,PASS,0.6884254787287023,0.00599314000071359,0.9463530360176863,PASS,0.39590839860437343,0.030490386328107515,0.7306819829987056,PASS,0.09750843202422134,-0.30708403739216694,0.6192724648363426,PASS,0.2797743594179136,-0.06653129406227017,0.7069754230284105,PASS,0.15247292580247726,-0.20041101828593533,0.6023551981620274,PASS,0.5513036615568891,0.11672284935076148,0.9474693420750958,PASS,0.36862365035215716,-0.07935343223626982,0.743206817615131,PASS,0.45472207899119577,-0.12827856351867686,0.8103297697032691,PASS,0.45,0.3,0.5,FAIL,0.0,0.0,0.0,FAIL,-0.04041616864081643,-0.09343723173681702,0.0315371473613352,FAIL,0.6459361576468213,0.6380111384223073,0.6538540669781749,FAIL,502501029410188.4,464507297645440.06,539451110484209.3,2,5,36,49,3,7
Q012,Q03,P05,8,true,PASS,-0.0006728470880253796,-0.016601914208958103,0.0038558071853562474,PASS,-0.016518706603638755,-0.040156787717229116,-0.0004942324065879937,PASS,0.06560515873015874,0.026027777777777778,0.09404166666666668,FAIL,9.602726978001597,6.3282145919012365,17.234927906221266,FAIL,-0.02701350548447859,-0.2851606265076312,0.7192401242890827,FAIL,0.48843415553059444,0.4846720538724678,0.49280749492737946,PASS,5.01010416666667,4.923622395833338,5.139559895833337,PASS,1546.2700856065014,1544.1627717741753,1547.6778582334396,PASS,0.9630108557264654,0.401842312277832,1.3742183488509403,PASS,0.29625956250952934,0.17995020731554678,0.4273996261227514,FAIL,3.369650299632135,3.154392554567236,3.5110428539954968,FAIL,0.3121779442916921,0.21820059042019832,0.4028617640961613,FAIL,0.6142751479289941,0.6142751479289941,0.6142751479289941,FAIL,0.0015833221189812052,0.0015833221189812052,0.0015833221189812052,PASS,0.08879022080240917,0.08879022080240917,0.08879022080240917,FAIL,0.2222970516048579,0.2222970516048579,0.2222970516048579,PASS,0.2109926998463887,0.2109926998463887,0.2109926998463887,PASS,0.4370703299516857,0.4370703299516857,0.4370703299516857,PASS,-1.8014129189005859,-2.330103050109308,-0.8181902785369307,PASS,2.3206326000876727,0.9242351300671198,4.2779472110190735,PASS,2.4318848419297976,1.9905700409148954,3.045183256535286,PASS,-1.1375423782119085,-1.5642417524209655,-0.9511816356093705,PASS,1.2486287906684828,1.071714526361032,1.3932659071414357,PASS,2.0334623280866175,1.8514039086587557,2.2148249859176072,PASS,-1.1990134541698532,-1.3058318269768794,-1.0266152296504447,PASS,1.6907208668850027,1.051341181518369,2.385655573931433,PASS,1.764986300335723,1.1625180391772354,2.1996887649900883,PASS,-1.313094770465481,-1.9824826186525693,-0.2451376551691103,PASS,1.6837212450540542,0.5183965945184331,2.2759587420850895,PASS,2.011205135784737,1.6570573112747744,2.455261620093388,PASS,-0.2211904216376684,-0.2692063857974387,-0.1312449301412062,PASS,0.2545264559660312,0.13198072713600445,0.3354053995565045,PASS,1.6496560380684073,1.1585080581044171,2.6190795168580827,PASS,-1.0980988926818673,-1.645856575188413,-0.5869281016738603,FAIL,1.1246317324428794,0.5280485546613415,2.220573033995892,PASS,1.95516404454811,1.5443293337858626,2.318247725216531,PASS,0.022973146355970524,0.022334171647819253,0.02383518987268239,FAIL,0.18075,0.171,0.184,FAIL,4.489438886413874,3.537949994664358,5.844412258543253,FAIL,0.3212913720234113,0.12011718433064222,0.4711838241062303,PASS,0.6339121001886551,-0.030938734471962173,0.8739633530100727,PASS,0.7808435010319523,0.21893113086237803,0.9245538831545417,FAIL,0.4944009366636384,0.2159700699161553,0.6457872653050072,PASS,0.18834546970626526,-0.06496642420731187,0.3712166049135207,PASS,0.3306685030186598,0.05875034156905859,0.4724785081575587,PASS,0.16172192302797359,-0.14011951300216682,0.28653290945994003,PASS,0.7252816343389701,0.10930008190182833,0.9256920723624996,PASS,0.4733755149463522,0.07942347457654163,0.6821794421142864,PASS,0.516512650523546,-0.14260273306017884,0.7337920137512449,PASS,0.26473214285714286,0.13327380952380952,0.44125000000000003,FAIL,1774.5076861832204,119.14364478253633,8159.662943565971,FAIL,-0.2858823339790898,-0.4411844281612846,-0.12539824705338107,PASS,0.9619756371171811,0.9391221531307726,0.9678135154876533,FAIL,65744.29408719951,18440.80031389868,279067.122712841,3,5,35,49,3,7
Q013,Q04,P01,8,true,PASS,-0.03673604717801006,-0.04253036232317483,-0.031509032532203426,PASS,-0.03059391593350931,-0.10849851003791239,0.0743401260325688,PASS,0.06166666666666667,0.03175000000000001,0.09344444444444444,FAIL,28.63083275363158,25.28082292748357,30.842872619374997,FAIL,-0.05381668018322215,-0.1826499936272178,0.05570149141052164,PASS,0.6373605815747904,0.6361981912005602,0.6387766326206763,PASS,5.013528645833338,4.910166666666671,5.155958333333337,PASS,1546.21434104917,1543.8958337684594,1547.8968940720192,PASS,0.8982035365294009,0.519846514170855,1.7271171792151578,PASS,0.27410162647364145,0.16910408622496476,0.4197007365029149,FAIL,3.538477261661789,3.473587369497276,3.6251240279330004,FAIL,0.30420864771418993,0.2468094242815887,0.3387565390814778,FAIL,0.6142751479289941,0.6142751479289941,0.6142751479289941,FAIL,0.0015833221189812052,0.0015833221189812052,0.0015833221189812052,PASS,0.08879022080240917,0.08879022080240917,0.08879022080240917,FAIL,0.2222970516048579,0.2222970516048579,0.2222970516048579,PASS,0.2109926998463887,0.2109926998463887,0.2109926998463887,PASS,0.4370703299516857,0.4370703299516857,0.4370703299516857,PASS,-1.5171544459292998,-2.8792543610506045,-0.7343200578626147,PASS,2.0490546603679407,0.8542750331878266,4.363902676025121,PASS,2.1045832050450137,1.1152857283688857,2.757371620697766,PASS,-1.3912320355619903,-1.8695993651919345,-1.0087383781682937,PASS,1.2491845151330994,1.0898552732449305,1.3867499538531487,PASS,2.1851974036775035,1.876305342718318,2.4386106770005225,PASS,-1.2917339586341783,-2.015106298449043,-1.0109937965601368,PASS,1.6868916223834078,0.8774691750280916,2.6151411179845385,PASS,1.9560488675526022,1.2878007263856701,2.2240062135874834,PASS,-1.045106701359722,-2.888470287917261,-0.21324284820761832,PASS,1.293453842199449,0.26939669341764494,2.6286850197289895,PASS,1.9678305741714026,0.5955731173873633,2.3600677560124725,PASS,-0.19099941829840436,-0.2621072511695724,-0.1384030326977403,PASS,0.1997094622136219,0.0903209026854605,0.3350506059434359,PASS,1.534222915416175,0.8612989982807131,2.233023584133991,PASS,-1.22528036338747,-2.3071016022916053,-0.6323529026024861,FAIL,1.3696299378833359,0.518162536531497,3.431483966564153,PASS,2.1212509601842466,1.5987840647029739,2.5217716205746714,PASS,0.022630494504043,0.021599515893921374,0.023842464264834558,FAIL,0.184,0.184,0.184,FAIL,4.514277504920684,3.555836285892299,4.915684291507345,FAIL,0.35156569915824315,0.09064252836344328,0.5214106630742353,PASS,0.5725897920787643,-0.12003581913433552,0.8880523097508669,PASS,0.7072824783713918,0.12089528478391937,0.9346673444484542,PASS,0.46975236741408444,-0.08062249231508645,0.8198819927316956,PASS,0.19045054354119584,-0.08036316927975884,0.428727817295783,PASS,0.33725105234601244,0.07483781465411216,0.539049566049671,PASS,0.1348360966241301,-0.22997149005258816,0.3828434141134545,PASS,0.651254352890495,0.012261882266370164,0.9392465169169739,PASS,0.46833007292494144,-0.04096320557436753,0.779076717810674,PASS,0.46330384999720603,-0.21789991722652868,0.8218502121249572,PASS,0.4,0.2175,0.6,FAIL,39.67408647593388,22.529141870272827,65.88855041380624,PASS,-0.22822736229175933,-0.3421762250811418,-0.11082876272656435,PASS,0.9998852963008686,0.9998101333130468,0.9999338754114362,FAIL,14610.03758410732,11926.866690587203,17579.686258368372,3,5,38,49,4,7
Q014,Q04,P01,8,true,PASS,-0.059794836458896904,-0.06508120282708298,-0.05637908212046895,PASS,-0.05620988595203215,-0.0905418625725039,-0.000461815161714175,PASS,0.06027777777777778,0.0335,0.09298611111111112,FAIL,18.457757872785294,15.797890771930826,20.302502734274317,FAIL,-0.14425213518076685,-0.23337664538600245,-0.0875507069583517,PASS,0.6371611486514475,0.6363649775228547,0.6378423551514648,PASS,4.987083333333337,4.825395833333338,5.147210937500004,PASS,1546.644824683924,1544.0382261396203,1549.2768156159402,PASS,0.9409261677087228,0.45505049921561624,1.7081309022371505,PASS,0.29888014532548124,0.21061032106279132,0.42278829684198976,FAIL,3.614209465619053,3.5154843115841676,3.699792221877753,FAIL,0.29683813876721615,0.22368523470706345,0.38208105514330726,FAIL,0.6142751479289941,0.6142751479289941,0.6142751479289941,FAIL,0.0015833221189812052,0.0015833221189812052,0.0015833221189812052,PASS,0.08879022080240917,0.08879022080240917,0.08879022080240917,FAIL,0.2222970516048579,0.2222970516048579,0.2222970516048579,PASS,0.2109926998463887,0.2109926998463887,0.2109926998463887,PASS,0.4370703299516857,0.4370703299516857,0.4370703299516857,PASS,-1.8220031727319241,-2.995741002765425,-0.8340361048360955,PASS,2.2905916755239284,1.003808306739794,4.621769071043264,PASS,2.3749052441548164,1.202167455843576,2.790584085177701,PASS,-1.4495252461803838,-1.8909601545780736,-1.0919176991907131,PASS,1.2338702883076653,1.0790996042495142,1.3560318883512257,PASS,2.1856973981221754,1.7869569343887062,2.4963672032439153,PASS,-1.5777124549505928,-3.7378868415573274,-0.8515275175845328,PASS,1.8793334669994597,0.9046563311184496,3.3035977501438563,PASS,1.9106977983127038,0.9252207522522675,2.403974807867356,PASS,-1.5811280233566085,-4.436552779708425,-0.2865201529906282,PASS,1.959435393368806,0.5183965945184331,3.68686385266069,PASS,2.0041628046605195,0.5383072201718738,2.583869013232498,PASS,-0.2166062814236143,-0.2609305022209614,-0.15034060835683966,PASS,0.19859943265917748,0.137993995633909,0.3160914767575538,FAIL,1.187990896550046,0.9470442368871606,1.4464536480414492,PASS,-1.0887657964646613,-1.5087508474603215,-0.7351456346998854,FAIL,1.1687559169733248,0.8692984623127331,1.7622389496164652,PASS,1.9512689642184091,1.5012724404895146,2.3994931408376146,PASS,0.02278066813122497,0.02149615709638147,0.023744424288098392,FAIL,0.184,0.184,0.184,FAIL,4.563183025348666,3.7217129878961144,5.737309219046052,FAIL,0.42738731074430325,0.23583586051833194,0.563035024479316,FAIL,0.8084838093978532,0.6569332185569603,0.9116916392868051,FAIL,0.9028722769045516,0.8405706395212201,0.9432524584040122,FAIL,0.637762909513498,0.504704210747652,0.7163430119550305,PASS,0.341010073199065,0.1666902207202616,0.519579952644317,FAIL,0.4487692532125933,0.35090790441583575,0.5842191227284765,PASS,0.2850758346957414,0.11003579511514877,0.45404724988547085,FAIL,0.8952939681414649,0.8075547688525501,0.950556071541464,FAIL,0.6526436339959744,0.5167428275980589,0.7408847765336672,FAIL,0.7280760138764694,0.6506782166367782,0.7944356528293766,PASS,0.32708333333333334,0.11750000000000001,0.57375,FAIL,19.254744110058706,16.634398291516668,21.106839400946082,FAIL,-0.2604128428465012,-0.34812255279959,-0.14490057174586443,PASS,0.9996747613472465,0.9993078635473557,0.9998479648220434,FAIL,19786.314250083644,14049.874105445702,24819.36322137889,3,5,29,49,4,7
Q015,Q04,P01,8,true,PASS,-0.00011970073957209707,-0.0065504152159192525,0.006179157498554928,PASS,-0.057495755644470396,-0.1137294974133936,-0.012066712650008818,PASS,0.07033234126984127,0.030000000000000006,0.12884325396825397,FAIL,14.570445790505122,12.37370259595768,16.915518477548257,PASS,0.14215848767163175,0.026622301051078115,0.23898689614726654,PASS,0.6372599576847752,0.6368810652335893,0.6377769697667055,PASS,4.968658854166671,4.923684895833338,5.08382291666667,PASS,1546.9447431197575,1545.0700727327815,1547.676840842279,PASS,0.9844263437227884,0.7493710687815149,1.5275824706213896,FAIL,0.2518137216984797,0.1867578128454475,0.30740421931849377,FAIL,3.5530342195167233,3.507141363506882,3.6439538279962904,FAIL,0.3133553162555802,0.23613657996917414,0.37386716740908893,FAIL,0.6142751479289941,0.6142751479289941,0.6142751479289941,FAIL,0.0015833221189812052,0.0015833221189812052,0.0015833221189812052,PASS,0.08879022080240917,0.08879022080240917,0.08879022080240917,FAIL,0.2222970516048579,0.2222970516048579,0.2222970516048579,PASS,0.2109926998463887,0.2109926998463887,0.2109926998463887,PASS,0.4370703299516857,0.4370703299516857,0.4370703299516857,PASS,-1.8620055007820442,-2.995741002765425,-0.7610462452535414,PASS,1.682939110541577,0.8861977318271695,2.905845746223557,PASS,1.922595580782373,1.064332948489817,2.48272602420518,PASS,-1.3503715081937664,-1.6157939840711175,-0.9889237618775168,PASS,1.2055116150932612,0.9865553448427824,1.3560318883512257,PASS,2.1096123510832125,1.9502354744381856,2.417124260475358,PASS,-1.5910154619026957,-3.7378868415573274,-1.0042276086580426,PASS,1.7960045572231547,1.0632443779247853,2.385655573931433,PASS,1.8473553298955268,1.3379136438198393,2.213873598460585,PASS,-1.5906874679533474,-4.436552779708425,-0.17661277282615787,PASS,1.2668711269983524,0.2495843644969583,2.2759587420850895,PASS,1.831794260037544,0.8627987288081034,2.318321819882534,PASS,-0.20873284939622463,-0.23872902223238618,-0.14652769958032422,PASS,0.17337473202424403,0.13416737022615155,0.2361385091131148,PASS,1.3048830836573662,0.9229333537583114,2.384047806854009,PASS,-1.2134180257161227,-2.186620829212241,-0.65683666674479,FAIL,1.1902997595981128,0.6291413826953498,1.7885470523124638,PASS,2.0559874534132967,1.3695435945512067,2.780931903273426,PASS,0.023006725836282608,0.021345685342626694,0.024302802178047138,FAIL,0.1831875,0.1786375,0.184,FAIL,4.698817407892902,4.368320609448774,5.078922278579034,FAIL,0.42968327877152923,0.3127192807241269,0.5700267160542252,PASS,0.7214148645662994,-0.009625513816730241,0.9038214870233475,PASS,0.8031545561963348,0.16151082434685315,0.9421442591545611,FAIL,0.6041577322486786,0.37024436710806014,0.7458733439984189,PASS,0.3158315536019384,-0.09651150634741097,0.5386356885597541,PASS,0.40341590235751223,0.05960097695484487,0.5850385175637893,PASS,0.23722728506028679,-0.08566264932824096,0.4419166379852996,PASS,0.796589729521667,0.13092373260395984,0.9468622124249894,FAIL,0.6239842565296432,0.35145209082374484,0.7731607660550223,PASS,0.6096735343013703,-0.07695722891792078,0.8081582806737072,PASS,0.3729166666666667,0.135,0.5275,FAIL,29.957754908963416,14.405246311682177,36.88374493659053,PASS,-0.24007324052020362,-0.36834320920118163,-0.12447671542027636,FAIL,0.7947577975505364,0.7868825949272942,0.8059251044451445,FAIL,12982.837687161596,6716.917002331398,20347.609679201243,4,5,34,49,4,7
Q016,Q04,P01,8,true,PASS,-0.038392763449414426,-0.03983736900898351,-0.03714076308813299,PASS,0.010597169954883804,-0.0323266887009188,0.045902003458903384,PASS,0.06650793650793652,0.03175000000000001,0.08745238095238095,FAIL,7.8693647804966895,5.771329279363202,10.618792479292487,FAIL,-0.148605764175565,-0.3299569651894099,0.15059385376138895,PASS,0.6345221998127085,0.6328445709081807,0.6356466074012875,PASS,5.011901041666671,4.847640625000004,5.166408854166671,PASS,1546.2408356106394,1543.7257174881768,1548.9147091454263,PASS,1.018648516847207,0.7360972449348773,1.6055270584318417,PASS,0.23713515665960067,0.11976334652896059,0.3832402980440178,FAIL,3.5550374920499888,3.4739275182923794,3.6248124589349655,PASS,0.45269635353265614,0.4042963843389785,0.4898184966131602,FAIL,0.6142751479289941,0.6142751479289941,0.6142751479289941,FAIL,0.0015833221189812052,0.0015833221189812052,0.0015833221189812052,PASS,0.08879022080240917,0.08879022080240917,0.08879022080240917,FAIL,0.2222970516048579,0.2222970516048579,0.2222970516048579,PASS,0.2109926998463887,0.2109926998463887,0.2109926998463887,PASS,0.4370703299516857,0.4370703299516857,0.4370703299516857,PASS,-2.0352240438553153,-3.3069760513929745,-0.7968551053221727,PASS,2.2372843407189746,0.8821691537663305,4.912820896908979,PASS,2.0881158342446438,1.376450557224866,2.698670591772603,PASS,-1.3397842362896704,-1.8889106441902574,-0.8352140600828865,PASS,1.2485089526593582,1.1258274174503853,1.3765974559147502,PASS,2.0625079599584786,1.8865041353060912,2.3506179346359763,PASS,-1.6385158123483765,-3.7378868415573274,-1.0732215091311266,PASS,1.7673389008744937,1.0599366153558258,3.3035977501438563,PASS,1.792894487369731,1.1657559814537632,2.3809895477097793,PASS,-1.7593065059370203,-4.436552779708425,-0.2081005591489386,PASS,1.7810964141583425,0.4746296691319677,3.68686385266069,PASS,1.8460595894611356,0.6896083102919264,2.4004271698421484,PASS,-0.20536906539945368,-0.26208532888525204,-0.13793575866324823,PASS,0.21481972071548652,0.12523411587475008,0.32515071381317395,PASS,1.5167246664739076,0.9891268624071469,2.472817392338877,PASS,-1.4567907990161495,-2.1962552221953113,-0.8297212906305145,PASS,0.9714904202923897,0.4642189086200108,1.4529758049704202,PASS,1.9271374299108548,1.4670900975874064,2.414503858796274,PASS,0.02216130064561816,0.02028842227517874,0.023784284040894547,FAIL,0.182375,0.173275,0.184,FAIL,5.129766670936631,3.783112934691692,9.039400303076262,FAIL,0.3728175118065447,0.1613041868653822,0.558356334177886,FAIL,0.7143189850853408,0.3945663014145014,0.8962772923423429,FAIL,0.8592289772867345,0.6857910803547265,0.9353187664515652,FAIL,0.5563606552120043,0.254834712635368,0.7267467020882434,PASS,0.2488227415499766,-0.012384712668387698,0.5322770465072204,PASS,0.38827535751301967,0.15369743805080655,0.6027141734027319,PASS,0.2324763661051047,-0.031057218435476305,0.43478227179359497,FAIL,0.8226905394051724,0.6029828310105396,0.9363966373571564,PASS,0.5333949061825923,0.10248157726191652,0.7476431250284403,FAIL,0.6042081836080678,0.1680197172627531,0.810989572161026,PASS,0.4,0.2,0.6766666666666666,FAIL,27.923241248890093,11.093996884894272,78.01688649748179,PASS,-0.14596676880034737,-0.30789350375014396,0.20901904004096947,PASS,0.999878139918807,0.9998500520285751,0.9998880565541303,FAIL,8036.055422602676,4264.438535331954,11411.028825149568,3,5,35,49,4,7
