CASE_ID,GROUP_ID,P00,FINITE_STATE,CAL_PASS,DEV_PASS,SEP_PASS
F00148,F01,P01,true,4,40,4
F00427,F01,P01,true,4,40,4
F00551,F01,P01,true,4,40,4
F00629,F01,P01,true,4,40,4
F00928,F01,P01,true,4,40,4
F01140,F02,P01,true,4,40,4
F01394,F02,P01,true,4,40,4
F01587,F02,P01,true,4,40,4
F01800,F02,P01,true,4,40,4
F11566,F12,P01,true,4,40,4
F12858,F13,P01,true,4,40,4
F13193,F13,P01,true,4,40,4
F13406,F14,P01,true,4,40,4
F13417,F14,P01,true,4,40,4
F13485,F14,P01,true,4,40,4
F14084,F14,P01,true,4,40,4
F14109,F14,P01,true,4,40,4
F14160,F14,P01,true,4,40,4
F14567,F15,P01,true,4,40,4
F14733,F15,P01,true,4,40,4
F16867,F17,P01,true,4,40,4
F19796,F20,P01,true,4,40,4
F03108,F04,P01,true,3,40,4
F06635,F07,P01,true,3,40,4
F07753,F08,P01,true,3,40,4
F08921,F09,P01,true,3,40,4
F10512,F11,P01,true,3,40,4
F00120,F01,P01,true,4,39,4
F00152,F01,P01,true,4,39,4
F00295,F01,P01,true,4,39,4
F00443,F01,P01,true,4,39,4
F01894,F02,P01,true,4,39,4
F02060,F03,P01,true,4,39,4
F02101,F03,P01,true,4,39,4
F02116,F03,P01,true,4,39,4
F02339,F03,P01,true,4,39,4
F02531,F03,P01,true,4,39,4
F02536,F03,P01,true,4,39,4
F02573,F03,P01,true,4,39,4
F02811,F03,P01,true,4,39,4
F02860,F03,P01,true,4,39,4
F02993,F03,P01,true,4,39,4
F03204,F04,P01,true,4,39,4
F03555,F04,P01,true,4,39,4
F08281,F09,P01,true,4,39,4
F09695,F10,P01,true,4,39,4
F10548,F11,P01,true,4,39,4
F10716,F11,P01,true,4,39,4
F11052,F11,P01,true,4,39,4
F12460,F13,P01,true,4,39,4
F12878,F13,P01,true,4,39,4
F13033,F13,P01,true,4,39,4
F13119,F13,P01,true,4,39,4
F13239,F13,P01,true,4,39,4
F13430,F14,P01,true,4,39,4
F13769,F14,P01,true,4,39,4
F14179,F14,P01,true,4,39,4
F14540,F15,P01,true,4,39,4
F14703,F15,P01,true,4,39,4
F15970,F16,P01,true,4,39,4
F16618,F17,P01,true,4,39,4
F18655,F19,P01,true,4,39,4
F20509,F21,P01,true,4,39,4
F20514,F21,P01,true,4,39,4
F21520,F22,P01,true,4,39,4
F22562,F23,P01,true,4,39,4
F22719,F23,P01,true,4,39,4
F04220,F05,P01,true,3,39,4
F04283,F05,P01,true,3,39,4
F05599,F06,P01,true,3,39,4
F06364,F07,P01,true,3,39,4
F11795,F12,P01,true,3,39,4
F19602,F20,P01,true,3,39,4
F00282,F01,P01,true,4,38,4
F01697,F02,P01,true,4,38,4
F02585,F03,P01,true,4,38,4
F03107,F04,P01,true,4,38,4
F03825,F04,P01,true,4,38,4
F03839,F04,P01,true,4,38,4
F09336,F10,P01,true,4,38,4
F10926,F11,P01,true,4,38,4
F12761,F13,P01,true,4,38,4
F13172,F13,P01,true,4,38,4
F13808,F14,P01,true,4,38,4
F14062,F14,P01,true,4,38,4
F14275,F14,P01,true,4,38,4
F15992,F16,P01,true,4,38,4
F18080,F18,P01,true,4,38,4
F18549,F19,P01,true,4,38,4
F21651,F22,P01,true,4,38,4
F24042,F24,P01,true,4,38,4
F24487,F24,P01,true,4,38,4
F05419,F06,P01,true,3,38,4
F07420,F08,P01,true,3,38,4
F18127,F18,P01,true,3,38,4
F12914,F13,P01,true,4,37,4
