GROUP_ID,CASES,MEAN_DEV_PASS,MAX_DEV_PASS,COUNT_GE_40,COUNT_GE_41,COUNT_GE_42,MEAN_SEP_PASS,FINITE_CASES
F01,10,39.4,40,5,0,0,4.0,10
F02,6,39.5,40,4,0,0,4.0,6
F03,11,38.90909090909091,39,0,0,0,4.0,11
F04,6,38.666666666666664,40,1,0,0,4.0,6
F05,2,39.0,39,0,0,0,4.0,2
F06,2,38.5,39,0,0,0,4.0,2
F07,2,39.5,40,1,0,0,4.0,2
F08,2,39.0,40,1,0,0,4.0,2
F09,2,39.5,40,1,0,0,4.0,2
F10,2,38.5,39,0,0,0,4.0,2
F11,5,39.0,40,1,0,0,4.0,5
F12,2,39.5,40,1,0,0,4.0,2
F13,10,38.8,40,2,0,0,4.0,10
F14,12,39.25,40,6,0,0,4.0,12
F15,4,39.5,40,2,0,0,4.0,4
F16,2,38.5,39,0,0,0,4.0,2
F17,2,39.5,40,1,0,0,4.0,2
F18,2,38.0,38,0,0,0,4.0,2
F19,2,38.5,39,0,0,0,4.0,2
F20,2,39.5,40,1,0,0,4.0,2
F21,2,39.0,39,0,0,0,4.0,2
F22,2,38.5,39,0,0,0,4.0,2
F23,2,39.0,39,0,0,0,4.0,2
F24,2,38.0,38,0,0,0,4.0,2
