CASE_ID,GROUP_ID,P00,REPLICATES,SEED_BLOCK,X001,X002,X003,X004,X005,X006,X007,X008,X009,X010
F00120,F01,P01,64,6200120,0.6415323713541031,0.7351011166013777,0.3025150886178017,0.9579117087326944,31.794647521376618,0.03434489844366902,0.8727712047547102,1.49791259765625,0.9373843571010977,0.5453699721861631
F00148,F01,P01,64,6200148,0.6385177229166031,0.7308901791013777,0.2990971198678017,0.9567058493576943,31.915233458876617,0.039266773443669016,0.8706110485047102,1.49354736328125,0.9376810367885977,0.5458973159361631
F01140,F02,P01,64,6201140,0.6447862776041031,0.7401323666013777,0.30009321361780167,0.9586007712326944,31.759491271376618,0.029657398443669016,0.8798805797547102,1.48888916015625,0.9342835758510977,0.5559168471861631
F01394,F02,P01,64,6201394,0.6390919416666031,0.7197339291013777,0.29808149486780167,0.9563230368576944,32.14726470887662,0.038954273443669016,0.8726891735047102,1.5,0.9326661930385977,0.541912940936163
F02060,F03,P01,64,6202060,0.6562754377603531,0.7559165462888777,0.34557172924280166,0.9386036032639443,31.381385802626617,0.028822437506169016,0.8543005016297102,1.5,0.9520125797573477,0.5440003432799131
F02101,F03,P01,64,6202101,0.6288182111978532,0.7312524837888776,0.3455521979928017,0.9511407126389443,31.727674865126616,0.05765056250616902,0.8096481578797102,1.5,0.9411502750698477,0.570660499529913
F03107,F04,P01,64,6203107,0.6739613752603532,0.7539751400388777,0.32432172924280167,0.9516766501389443,32.50779205262661,0.05313884375616902,0.9663005016297102,1.5,0.9635352360073477,0.596529640154913
F03108,F04,P01,64,6203108,0.6535000471353531,0.7527720150388777,0.3633451667428017,0.99,31.822245177626616,0.05454509375616902,0.8056833141297102,1.472724609375,0.9496200016323477,0.6095374526549131
F04220,F05,P01,64,6204220,0.7194700954042375,0.4133109580874443,1.9589667838811873,0.9160969690904021,32.93306661844254,0.11656365238130087,0.2857762437164783,0.9647050527110698,0.8985369643062354,0.281102321986109
F04283,F05,P01,64,6204283,0.7151371364198624,0.4038363487124443,1.9662763541936874,0.918283785496652,32.93438497781754,0.11763787113130086,0.3089158921539783,0.9698832753673197,0.9065544936031104,0.278538845423609
F05419,F06,P01,64,6205419,0.7084809840761125,0.4202323448061943,1.9828290885686874,0.911228072606027,33.205439665317535,0.11574578128755086,0.30562097027897833,0.9724577382579447,0.8932039076656104,0.280607937220484
F05599,F06,P01,64,6205599,0.7089212184511124,0.4220917198061943,1.9788837760686873,0.9153241663560271,32.59583029031754,0.11902703128755086,0.3018475327789783,0.9720475820079447,0.8942183607906103,0.295959499720484
F06364,F07,P01,64,6206364,0.7241619411073624,0.4225975791811943,1.9823701041936874,0.9010261194810271,33.23127950906754,0.13729851566255086,0.2774158921539783,0.9636100820079447,0.8848346693843604,0.30710696065798404
F06635,F07,P01,64,6206635,0.7348519801698625,0.4275741416811943,1.9900458854436873,0.913142135106027,32.49967794656754,0.12784539066255085,0.24178698590397832,0.9660417226329447,0.9201204115718604,0.269665554407984
F07420,F08,P01,64,6207420,0.7042461207948625,0.3980292198061943,1.9726630729436874,0.954495455418527,31.804990446567537,0.12146843753755086,0.27432604840397834,0.9603727773204447,0.8928641615718603,0.270939968470484
F07753,F08,P01,64,6207753,0.7114238551698625,0.4453885948061943,2.0,0.878966549168527,33.917881071567535,0.10974968753755086,0.32480261090397833,0.9393376210704447,0.8846911146968603,0.282541530970484
F08281,F09,P01,64,6208281,0.6681352647677065,0.6361419863849879,0.3249946716427803,0.9041673286788166,31.608448198735722,0.04152277033776039,0.8410830108821391,1.4547065343149008,0.9039977372899651,0.5246814114041626
F08921,F09,P01,64,6208921,0.6678290147677064,0.6378919863849878,0.3268696716427803,0.9060048286788165,31.48469819873572,0.044022770337760385,0.8437080108821392,1.4556440343149006,0.9079789872899652,0.5153064114041627
F09336,F10,P01,64,6209336,0.6701043565645814,0.6499710879474878,0.3137593200802803,0.9085409614913165,31.48830171436072,0.034164371900260386,0.8225097686946391,1.4595991124399008,0.9119243486180901,0.5093518215604126
F09695,F10,P01,64,6209695,0.6565001573458314,0.6539906191974878,0.3361128357052803,0.9070192818038165,31.160469683110723,0.040375309400260385,0.8551171905696392,1.4719477452524008,0.8978320634618402,0.5068029934354126
F10512,F11,P01,64,6210512,0.6498105089083314,0.6238783145099878,0.3151558044552803,0.9234275825850665,31.26875093311072,0.05568292658776039,0.7999648468196392,1.4746503819711507,0.9191164384618402,0.5268640285916626
F10548,F11,P01,64,6210548,0.6735066026583314,0.6582220645099878,0.2975776794552803,0.9172260200850665,31.88890718311072,0.040995426587760384,0.8208554718196391,1.4864863194711506,0.9038422197118402,0.5210046535916626
F11566,F12,P01,64,6211566,0.6493511339083314,0.6837611270099878,0.3639058044552803,0.9303564888350665,30.703438433110723,0.03455011408776039,0.8647148468196392,1.4686152257211507,0.9077086259618402,0.5643054348416626
F11795,F12,P01,64,6211795,0.6677069932833314,0.6322455020099879,0.3402729919552803,0.8906588325850665,32.11320405811072,0.03658136408776039,0.8193789093196392,1.4058613194711507,0.9355199540868402,0.5430944973416626
F12460,F13,P01,64,6212460,0.6487469153478741,0.5454672588706017,1.9911572265625,0.8057828046545386,29.387672516852618,0.07138113785535091,0.20774511718750002,0.8214149833470583,0.8382643642686307,0.17017323866486547
F12761,F13,P01,64,6212761,0.653089444644749,0.5421996807456017,1.9994140625,0.8075198163732886,29.513971344977616,0.07429129410535092,0.21252343750000002,0.8194887138158083,0.8341036709092557,0.16459218397736547
F13406,F14,P01,64,6213406,0.6532329993322491,0.5379306377768517,1.981875,0.8113024823889136,29.68465493872762,0.08052908707410092,0.21225000000000002,0.8305665946751833,0.8362426357530057,0.16069203749299046
F13417,F14,P01,64,6213417,0.6557643469884991,0.5626220440268517,2.0,0.8005550214514136,29.239401032477616,0.08439627457410091,0.218552734375,0.8057081962376833,0.8371757412217558,0.16646352186799046
F14703,F15,P01,64,6214703,0.6456915930822491,0.5315322002768517,2.0,0.7884485761389136,29.902623688727616,0.07845877457410091,0.25370312500000003,0.7918361259251834,0.8568762295030057,0.1913365687429905
F14540,F15,P01,64,6214540,0.6668898352697491,0.5735868877768517,2.0,0.7969278730139135,29.61469400122762,0.08384939957410091,0.24000390625,0.8249122978001834,0.8541678310655058,0.15119984999299046
F15970,F16,P01,64,6215970,0.686384561832249,0.5593271221518517,2.0,0.8045554120764136,30.786451813727616,0.10460135269910092,0.256328125,0.8051808524876833,0.8670781826280057,0.13873402968049048
F15992,F16,P01,64,6215992,0.628235343082249,0.5328583721518517,1.96625,0.7969757245764136,30.10442056372762,0.055538852699100916,0.30675,0.8463136649876833,0.8745430263780057,0.18490590468049048
F16867,F17,P01,64,6216867,0.6614300502978265,0.6968513768613339,0.32704230412840846,0.9207667546361684,30.705431215167053,0.05463735438883298,0.9179135650396346,1.4819448990002275,0.8935564673192798,0.5148844069987536
F16618,F17,P01,64,6216618,0.6612888881884516,0.6922986424863339,0.31243781194090847,0.9167902897924184,30.80307769954205,0.05086782313883298,0.9051235259771346,1.4864785904064775,0.8954681372411548,0.5150162429362536
F18080,F18,P01,64,6218080,0.6707204311572015,0.7025662206113339,0.30008429631590844,0.9146273991674184,30.600050355792053,0.06255727626383298,0.8978911041021347,1.4775723404064776,0.9017701880224048,0.5297086257487535
F18127,F18,P01,64,6218127,0.6654998256884516,0.6884295018613339,0.31860968694090847,0.9203791569799183,31.184874574542054,0.05908071376383298,0.9146391509771347,1.4886319107189776,0.8950661841161549,0.5025504226237536
F18549,F19,P01,64,6218549,0.6703711147509516,0.7130730565488339,0.33382453069090845,0.9066888249486684,30.549952699542054,0.04197622157633298,0.8830024322271347,1.5,0.8902236059911549,0.5354581374675036
F18655,F19,P01,64,6218655,0.6835207241259516,0.7053074315488339,0.32206671819090843,0.9276286686986683,30.215968324542054,0.03650747157633298,0.8822914947271346,1.4738589615002275,0.8975161841161549,0.5048721999675035
F19796,F20,P01,64,6219796,0.6604849819384515,0.6926472752988339,0.25357062444090844,0.9344810124486684,30.072179262042052,0.02515981532633298,0.8817719634771346,1.5,0.9198628638036549,0.4581436843425036
F19602,F20,P01,64,6219602,0.6315826381884515,0.7020535252988339,0.3630237494409084,0.9229200749486683,30.588273012042052,0.07234731532633298,0.9055063384771347,1.4375308365002275,0.8754183325536549,0.5746280593425036
F20509,F21,P01,64,6220509,0.7029434739023447,0.7222169879563152,0.2057668923214078,0.9284100335814057,30.696261992454538,0.0226334692910313,0.7895766923576593,1.498875732421875,0.947147898870334,0.5106214178726077
F20514,F21,P01,64,6220514,0.6999551438242196,0.7214650348313152,0.2101565407589078,0.9232947015501558,30.627795195579537,0.023512375541031298,0.8011909501701593,1.495953369140625,0.948250877385959,0.5187513006851078
F21520,F22,P01,64,6221520,0.7117433762460947,0.7312985309250652,0.1940188454464078,0.9202537347532808,30.684308867454536,0.0199698950722813,0.8044106767326593,1.4893359375,0.948602586370334,0.5257129706069827
F21651,F22,P01,64,6221651,0.7080348801523447,0.7198961871750652,0.1920364235714078,0.9187703363157808,30.552648711204537,0.0260245825722813,0.8081977861076592,1.5,0.943678660589084,0.5017188299819827
F22719,F23,P01,64,6222719,0.6955312668710947,0.6966403278000652,0.2324172829464078,0.9415285394407807,31.096340117454538,0.0225187231972813,0.7627934892326592,1.4903173828125,0.943358055120334,0.5367432440444827
F22562,F23,P01,64,6222562,0.6945455246835947,0.7350856403000652,0.20907743919640778,0.9097742425657808,30.191769804954536,0.032128098197281296,0.8272427079826593,1.4853662109375,0.938103953557834,0.5356299627944827
F24042,F24,P01,64,6224042,0.6872433762460947,0.7655875934250652,0.2437063454464078,0.8921170160032807,30.945871367454536,0.045555832572281296,0.8704731767326592,1.45212890625,0.9303041488703341,0.49073250185698275
F24487,F24,P01,64,6224487,0.6763523606210947,0.6781969684250652,0.16913603294640778,0.9348006097532807,31.157511992454538,0.0313370825722813,0.8518247392326592,1.5,0.9316248519953341,0.5192090643569828
F00152,F01,P01,64,6200152,0.6380870588541031,0.7302886166013777,0.2986088386178017,0.9565335837326944,31.932460021376617,0.039969898443669015,0.8463024547547102,1.49720947265625,0.9307234196010977,0.552401222186163
F00282,F01,P01,64,6200282,0.6387904768228532,0.7247378353513777,0.31273969799280166,0.9607349509201943,31.952323302626617,0.04282146094366902,0.8682731578797102,1.49622802734375,0.9398008610073477,0.553778175311163
F00295,F01,P01,64,6200295,0.6349408186197282,0.7367827572263776,0.31615278393030166,0.9552750876389443,31.918309630751615,0.03510661719366902,0.8592702281922102,1.5,0.9367886051479727,0.5449158706236631
F00427,F01,P01,64,6200427,0.6403289045572281,0.7309311947263777,0.30003950268030166,0.9593903220139444,31.766786193251615,0.03830974219366902,0.8690866344422102,1.5,0.9325872379604727,0.5495447768736631
F00443,F01,P01,64,6200443,0.6386062483072281,0.7285249447263777,0.29808637768030166,0.9587012595139444,31.835692443251617,0.041122242193669015,0.8558522594422102,1.5,0.9341567692104726,0.5455604018736631
F00551,F01,P01,64,6200551,0.6367783186197281,0.7262827572263777,0.3049027839303017,0.9540500876389443,31.940809630751616,0.040106617193669016,0.8715202281922102,1.4950048828125,0.9325011051479727,0.5561658706236631
F00629,F01,P01,64,6200629,0.6430803694009781,0.7285522884763777,0.3053812995553017,0.9604909079514443,31.736727599501616,0.03381755469366902,0.8455026500672101,1.5,0.9340275699917227,0.5479920424986631
F00928,F01,P01,64,6200928,0.6427382307291032,0.7255854916013776,0.30388227611780166,0.9623140524826943,31.674413146376615,0.036376148443669015,0.8624352672547102,1.5,0.9333456852260977,0.5541590346861631
F01587,F02,P01,64,6201587,0.6318328596353532,0.7176831478513777,0.30096235424280166,0.9494994040451943,31.469627990126614,0.046805835943669015,0.8509098766297102,1.5,0.9276561344448477,0.5395398940611631
F01697,F02,P01,64,6201697,0.6375463361978532,0.7405972103513777,0.2941068854928017,0.9596247946701943,32.057088927626616,0.045477710943669016,0.8579372203797102,1.5,0.9369871891323477,0.5372547378111631
F01800,F02,P01,64,6201800,0.6398671369791031,0.7376167416013777,0.2989604011178017,0.9605531149826944,31.684256896376617,0.04168864844366902,0.8660446422547102,1.49738525390625,0.9314699039760976,0.5422059096861631
F01894,F02,P01,64,6201894,0.6490259260416031,0.7373433041013777,0.29601118236780166,0.9524566306076944,32.13390533387662,0.034735523443669016,0.8435407360047102,1.48950439453125,0.9376618961635976,0.547889503436163
F02116,F03,P01,64,6202116,0.6321582502603531,0.7222290462888777,0.31822797924280166,0.9681567282639443,32.346073302626614,0.028197437506169015,0.8370192516297101,1.4827734375,0.9543860172573477,0.548219093279913
F02339,F03,P01,64,6202339,0.6243201643228532,0.7560806087888777,0.26934126049280166,0.9493414938889443,32.227596740126614,0.024994312506169014,0.8482028453797102,1.489423828125,0.9316373844448477,0.558590187029913
F02531,F03,P01,64,6202531,0.6200326643228532,0.7525806087888777,0.3355912604928017,0.9554664938889443,31.215096740126615,0.039994312506169014,0.8849528453797102,1.472548828125,0.9285748844448477,0.547340187029913
F02536,F03,P01,64,6202536,0.6472793440103531,0.7495727962888777,0.2731498542428017,0.9742051657639443,32.381229552626614,0.043509937506169015,0.8194098766297102,1.5,0.9329867985073477,0.5798597182799131
F02573,F03,P01,64,6202573,0.6215447736978531,0.7273149837888777,0.27508344799280166,0.9482313376389443,31.218612365126617,0.029525562506169015,0.8719919078797101,1.5,0.9499549625698477,0.5805042495299131
F02585,F03,P01,64,6202585,0.6555768049478532,0.7200962337888777,0.26922407299280166,0.9461641501389443,31.425331115126617,0.037963062506169015,0.8042887828797102,1.490302734375,0.9448635563198476,0.538551124529913
F02811,F03,P01,64,6202811,0.6562467268228531,0.7521431087888777,0.2788725104928017,0.9464321188889443,31.718534240126615,0.03686931250616902,0.9105465953797102,1.477939453125,0.9404420719448476,0.5684339370299131
F02860,F03,P01,64,6202860,0.6253441877603532,0.7226665462888777,0.27494672924280167,0.9575911032639444,32.20263580262662,0.03132243750616902,0.8954255016297102,1.5,0.9523188297573477,0.5271253432799131
F02993,F03,P01,64,6202993,0.6366658674478531,0.7546587337888777,0.3100053229928017,0.9542797751389444,31.253768615126617,0.044838062506169014,0.8543825328797102,1.484443359375,0.9285557438198477,0.5521448745299131
F03204,F04,P01,64,6203204,0.6492125471353531,0.7492720150388776,0.2695951667428017,0.9574571188889444,32.249745177626615,0.029545093756169018,0.8424333141297102,1.455849609375,0.9465575016323476,0.5382874526549131
F03555,F04,P01,64,6203555,0.6016863752603532,0.7749751400388777,0.36682172924280165,0.9541266501389444,30.662792052626617,0.04313884375616902,0.9138005016297102,1.446650390625,0.9231102360073477,0.5440296401549131
F03825,F04,P01,64,6203825,0.6435277815103532,0.7861313900388777,0.3431498542428017,0.9395032126389443,32.76513580262662,0.022826343756169015,0.7791598766297102,1.5,0.9291969547573476,0.5761390151549131
F03839,F04,P01,64,6203839,0.6706691877603531,0.7692876400388777,0.24947797924280168,0.9346797751389443,31.807479552626617,0.04251384375616902,0.7705192516297102,1.486728515625,0.9695836735073476,0.5182483901549131
F10716,F11,P01,64,6210716,0.6795550401583315,0.6691595645099878,0.2955464294552803,0.8882853950850665,31.902969683110722,0.03912042658776039,0.8810117218196392,1.4417206944711507,0.9109625322118402,0.5336609035916626
F10926,F11,P01,64,6210926,0.6479155870333314,0.6548314395099878,0.3130073669552803,0.8913096138350666,31.920547808110722,0.026776676587760388,0.8162070343196391,1.4907636632211507,0.9002629228368402,0.5194812160916626
F11052,F11,P01,64,6211052,0.6524519151583315,0.6350345645099879,0.2914839294552803,0.9088041450850666,31.93109468311072,0.035370426587760385,0.8893242218196391,1.4721894444711507,0.9252031572118402,0.49897340359166265
F12858,F13,P01,64,6212858,0.6499958411291241,0.5556117901206017,1.9925732421875,0.8082423749670385,29.481715485602617,0.07134207535535092,0.2,0.8257948661595583,0.8417814541123807,0.17231191053986547
F12878,F13,P01,64,6212878,0.6478425208166241,0.5526039776206016,1.9901318359375,0.8073810468420386,29.567848298102618,0.07485770035535091,0.2,0.8141054130345583,0.8363933681748807,0.15983144178986547
F12914,F13,P01,64,6212914,0.6537665442541241,0.5471899151206017,2.0,0.8058306562170386,29.362887360602617,0.07118582535535091,0.2,0.8170643974095584,0.8423748134873807,0.17336659803986548
F13033,F13,P01,64,6213033,0.6532042883947491,0.5432934307456017,2.0,0.8056057538732886,29.605377594977618,0.07210379410535092,0.2115390625,0.8135121513158083,0.8411857021592557,0.17185780897736547
F13119,F13,P01,64,6213119,0.6488450110509991,0.5443598369956018,2.0,0.8117020429357886,29.435748688727617,0.07722098160535092,0.2,0.8172475028783084,0.8385969326280057,0.16169179335236547
F13172,F13,P01,64,6213172,0.6504887122228741,0.5503891338706017,2.0,0.8045195234045386,29.574000641852617,0.07653738785535091,0.2,0.8132704520970584,0.8346085048936307,0.17286855116486546
F13193,F13,P01,64,6213193,0.655577725894749,0.5472309307456017,2.0,0.8085151288732886,29.574440094977618,0.07022879410535092,0.2,0.8249965263158083,0.8372810146592558,0.16201405897736548
F13239,F13,P01,64,6213239,0.655525089175999,0.5543129619956016,1.991064453125,0.8065340741857886,29.59254556372762,0.07831473160535092,0.2,0.8221107841283083,0.8356684170030058,0.16180898085236547
F13430,F14,P01,64,6213430,0.6480650305822491,0.5587118877768517,2.0,0.8092352948889135,29.171373688727616,0.06896658707410092,0.200546875,0.8145119071751833,0.8311512295030057,0.17873891249299048
F13485,F14,P01,64,6213485,0.6607217688634991,0.5421689190268517,1.992587890625,0.8142979902014136,29.825104157477618,0.06830252457410091,0.2,0.8102199149876833,0.8358167568467557,0.17759633436799047
F13769,F14,P01,64,6213769,0.6583674719884991,0.5407470440268517,2.0,0.8094362714514136,29.391276032477617,0.06814627457410091,0.2,0.8202394462376833,0.8278351162217558,0.17115102186799047
F13808,F14,P01,64,6213808,0.6548695227697491,0.5570165752768517,1.98373046875,0.8158770917639135,29.187194001227617,0.08185721207410092,0.2,0.8166505790501833,0.8293615810655057,0.17797719374299048
F14062,F14,P01,64,6214062,0.6491751868322491,0.5366181377768517,1.98171875,0.8135993573889136,29.57496743872762,0.07115408707410091,0.2,0.8317384696751834,0.8277441982530057,0.16397328749299048
F14084,F14,P01,64,6214084,0.6542378821447491,0.5580009502768517,1.99634765625,0.8117044355139136,29.404459626227617,0.07888846207410091,0.20363671875,0.8120216728001833,0.8296104091905058,0.17551625624299047
F14109,F14,P01,64,6214109,0.643954581363499,0.5504814190268517,2.0,0.7997511152014136,29.439791657477617,0.06767752457410092,0.20777929687500002,0.8127980399876833,0.8406401943467557,0.16681508436799047
F14160,F14,P01,64,6214160,0.6574726477697491,0.5351415752768517,2.0,0.8051583417639135,29.339069001227617,0.06560721207410092,0.2,0.8311818290501833,0.8396209560655057,0.15266469374299046
F14179,F14,P01,64,6214179,0.6582813391759991,0.5574267315268517,2.0,0.8133218183264136,29.68272134497762,0.07228689957410092,0.2,0.8209718681126833,0.8323235927842557,0.15445180311799048
F14275,F14,P01,64,6214275,0.6572094641759991,0.5565517315268517,2.0,0.8050530683264135,29.789596344977618,0.06603689957410092,0.206166015625,0.8167531181126834,0.8315579677842557,0.16663930311799047
F14567,F15,P01,64,6214567,0.6650619055822491,0.5573447002768517,1.997890625,0.8118767011389136,28.999811188727616,0.06283377457410091,0.2,0.8337892509251833,0.8231121670030057,0.14680531874299046
F14733,F15,P01,64,6214733,0.652371671207249,0.5694853252768517,2.0,0.8224806073889136,29.699420563727617,0.059552524574100915,0.2,0.8416994071751833,0.8441477138780057,0.14645375624299048
