GROUP_ID,CASES,MEAN_DEV_PASS,MAX_DEV_PASS,COUNT_DEV_GE_38,COUNT_DEV_GE_40,MEAN_SEP_PASS,FINITE_CASES
G01,512,31.6015625,39,14,0,4.0,512
G02,512,31.4609375,40,13,1,4.0,512
G03,512,31.69140625,39,17,0,3.966796875,512
G04,512,31.16796875,39,15,0,3.732421875,512
G05,512,32.302734375,40,30,1,4.0,512
G06,512,32.296875,40,34,2,3.837890625,512
G07,512,31.703125,39,11,0,3.673828125,512
G08,512,31.37890625,39,11,0,3.595703125,512
G09,512,29.5078125,37,0,0,3.0,512
G10,512,29.677734375,38,3,0,3.134765625,512
G11,512,30.357421875,38,5,0,3.314453125,512
G12,512,30.375,38,7,0,3.412109375,512
G13,512,29.6328125,37,0,0,3.0,512
G14,512,30.052734375,38,1,0,3.236328125,512
G15,512,30.396484375,39,5,0,3.3671875,512
G16,512,30.61328125,38,1,0,3.4375,512
