CASE_ID,GROUP_ID,P00,FINITE_STATE,CAL_PASS,DEV_PASS,SEP_PASS,X001,X002,X003,X004,X005,X006,X007,X008,X009,X010
L02950,G06,P01,true,4,41,4,0.6393934065103531,0.7316352962888777,0.3064311042428017,0.9578207907639443,31.804667052626616,0.03788493750616902,0.8590036266297102,1.5,0.9350539860073477,0.5522034682799131
L00326,G01,P01,true,3,41,4,0.7175297145448625,0.4101151573061943,1.9628974479436874,0.915946236668527,32.91733419656754,0.11916375003755086,0.2956541734039783,0.9627751210704447,0.9029321303218604,0.281076687220484
L02352,G05,P01,true,3,41,4,0.6646444932833314,0.6413509707599878,0.3191792419552803,0.9071771919600665,31.46492280811072,0.04003839533776039,0.8475976593196392,1.4619648350961507,0.9060816728368402,0.5212097317166626
L01136,G03,P01,true,4,40,4,0.6515103430822491,0.5488271221518517,2.0,0.8072350995764136,29.508170563727617,0.07507010269910092,0.2,0.8198292899876833,0.8374867763780057,0.16639027968049047
L01992,G04,P01,true,4,40,4,0.7122356974221765,0.3738303105905652,2.0,0.8364242529720067,29.6447486333549,0.06065159086138004,0.2613689754158258,1.2256995767354968,0.9569405493848026,0.19542771214619276
L02225,G05,P01,true,4,40,4,0.6655955288134515,0.6906511815488339,0.31837531194090846,0.9206806218236684,30.828038637042052,0.05342153407633298,0.9094985259771347,1.4877749771252275,0.8945015356786549,0.5150675124675036
L02229,G05,P01,true,4,40,4,0.6570582388982177,0.6762278942093253,0.27255532205104827,0.9196368889324367,30.9384327569604,0.04786577839404338,0.8858628230243921,1.4636803713999689,0.9284328386083245,0.5264845768734813
L02776,G06,P01,true,4,40,4,0.7020965012460947,0.7174079059250652,0.2112063454464078,0.9281396722532808,30.785558867454537,0.0209855200722813,0.7934731767326593,1.5,0.951971336370334,0.5136426581069827
L02871,G06,P01,true,4,40,4,0.6271643689498305,0.6379192280955612,0.21144004072993994,0.8805369183830916,31.029626503586776,0.07101189075037831,0.7878431567177177,1.5,0.9053541163373738,0.5055455140303821
L03046,G06,P01,true,4,40,4,0.6359104850888252,0.7184659635089338,0.24995836429297924,0.9372993846721946,30.15248872451485,0.09841081611812108,0.7225244038179517,1.443433525459841,0.9489759988486767,0.5562394000589848
L03512,G07,P01,true,4,40,4,0.562289078798145,0.7706017478182912,0.3247664663940668,0.8569008436761796,28.99289366304875,0.06842466983944172,0.986112417653203,1.392396333999932,0.9751671796776354,0.478763347864151
L00219,G01,P01,true,3,40,4,0.7195577091574669,0.44403126833587886,1.9656624333560466,0.8891084028966725,32.20540431305766,0.11407620564103121,0.3552312539815902,0.9327263618074358,0.8930271913327277,0.2954607212170959
L00313,G01,P01,true,3,40,4,0.7048731404758989,0.4268969195410609,1.9534568385779858,0.8921036025099456,31.787550303786993,0.14160045515745873,0.2886533737778663,0.9250254319980742,0.869166217494756,0.30471414858475326
L00612,G02,P01,true,3,40,4,0.71029078460671,0.41058572798967363,1.998096103593707,0.8622939899843185,31.035765141248703,0.07911642873659724,0.38753228262066836,0.9257994732353837,0.8980329112429172,0.32499276199378074
L01182,G03,P01,true,3,40,4,0.7256441448256373,0.46847675878554584,2.0,0.9102564026229083,35.64498409554362,0.06513215545564885,0.29606382928788655,1.0464815645478667,0.9060901638679206,0.2340906724333763
L02068,G05,P01,true,3,40,4,0.6587582800716162,0.6589373468607664,0.3245171934366226,0.9312135769754647,31.959340716451415,0.053612758517265255,0.8511404459923505,1.4564946503564715,0.9148669793076813,0.5367446794174612
L02094,G05,P01,true,3,40,4,0.6369931644394994,0.6513967843800783,0.303056458607316,0.9066373195715248,31.498171256482607,0.05658951763063663,0.8547534053325653,1.4745870032720267,0.9309554500833154,0.5389227037131786
L02220,G05,P01,true,3,40,4,0.6582733619198203,0.6622366308495402,0.3507430252432823,0.9233589837968349,31.86726508632303,0.06689052592962974,0.8887171002179384,1.4708471395634115,0.9243954370237887,0.5241898622363805
L02372,G05,P01,true,3,40,4,0.6613248000793159,0.6448874696344137,0.3254924940317869,0.9374411039642989,31.776055927723654,0.06638023979961866,0.8269769880324602,1.4723270596191287,0.900888493156433,0.5469243948161602
L02838,G06,P01,true,3,40,4,0.6316107459980994,0.7124669250659644,0.28546179439872504,0.9009585896972566,29.817458985373385,0.020430280268192227,0.7748875674605369,1.4113927816506475,0.9463552562762052,0.4589769280515611
L07124,G14,P05,true,3,40,4,0.9599295763429253,0.1851630851253867,0.8701713554561138,0.33813462426327173,15.000015960261226,0.04769187094643711,2.1956917180493476,0.22981346771121025,0.7881381959151477,0.7172884703613818
L07595,G15,P05,true,3,40,4,0.99,0.3806174509227276,0.6829003259539604,0.39030131902173165,17.576206489652396,0.08479173071682453,2.433444205448031,0.3559893974103034,0.7703576501421631,0.5640584388747811
L00020,G01,P01,true,4,39,4,0.6988197094328701,0.39673363430798053,1.944457209482789,0.8852428074128925,31.988409031927585,0.11261161174625153,0.2725680788457393,0.9185666976682842,0.8700570787139237,0.28954911516979337
L00514,G02,P01,true,4,39,4,0.6612298425175249,0.35459862889721994,1.9741578547284007,0.8527710720598697,31.83334998562932,0.12050511520355935,0.355766910277307,0.873008496919647,0.8380899646505714,0.2699708183761686
L01309,G03,P01,true,4,39,4,0.6937982319518923,0.3697937696054578,2.0,0.8503809793889522,31.14558422639966,0.04175567422062153,0.2954237528890371,0.9054202834144236,0.8770385320559144,0.18582496605813503
L01331,G03,P01,true,4,39,4,0.721241847988218,0.4074733875319362,1.931251872330904,0.8481473197303712,30.962863048911096,0.08258367348462337,0.5972959756851195,0.8373517985455693,0.8486935813203454,0.22906741686165333
L01978,G04,P01,true,4,39,4,0.6801676737405359,0.32752786461263894,2.0,0.8604495564326643,36.0,0.22774368580430743,0.5529574186354875,0.9180986361578108,0.8466850527636707,0.17567187985405325
L02004,G04,P01,true,4,39,4,0.8180301778055727,0.4082952495291829,1.6279033195227384,0.7766534522771835,32.175107053667304,0.24589868467301124,0.8441382955759762,1.158763454295695,0.7195051059164107,0.3363070045597851
L02423,G05,P01,true,4,39,4,0.64468155342713,0.6750436982661485,0.29706869952380655,0.9220133337296544,30.572882426977166,0.048696737997233806,0.9135815939158201,1.4736102523840964,0.9255810723304748,0.5477778210304678
L02545,G05,P01,true,4,39,4,0.6650597302623094,0.6913010268732905,0.3342112536728382,0.9102728862434625,30.94197097286583,0.039001446403562956,0.837740092664957,1.4698573294468225,0.9312985977225006,0.5002177877537907
L02658,G06,P01,true,4,39,4,0.6156075859330594,0.6942814249545336,0.26927966102957723,0.8734315891042351,30.875223579257735,0.041049424000084336,0.8618385533615947,1.5,0.8985864385329186,0.546739790495485
L02732,G06,P01,true,4,39,4,0.6593372313883156,0.6814616318419575,0.30196175556629895,0.9642314097061753,31.242343716323383,0.02656551897525781,0.9632415264099836,1.5,0.9476342609804124,0.5902379541657865
L02798,G06,P01,true,4,39,4,0.6520293773040176,0.7324232573620975,0.27380693834275005,0.9213412050101906,31.204402253776795,0.05907984636723989,0.768701182231307,1.5,0.8942736613955349,0.5419273034669458
L02934,G06,P01,true,4,39,4,0.6344308660347014,0.734348865468055,0.22707849387079476,0.8739286467898636,31.680907729268082,0.06625610431656236,0.8069141998514533,1.5,0.9131969618573784,0.4619694450404495
L03064,G06,P01,true,4,39,4,0.6968870467152447,0.7274201740510762,0.23081286791712047,0.9146392974574118,31.86432044729591,0.09262286378070705,0.906353744752705,1.4373787083663045,0.8939243938550353,0.4594531507696956
L03068,G06,P01,true,4,39,4,0.6619013903606683,0.7128235842846333,0.299374627135694,0.9528207486085593,30.411909620091325,0.05862501636147493,0.9250287374854087,1.4484526324085891,0.890642165184021,0.5461393970064818
L03983,G08,P01,true,4,39,4,0.8046583149135114,0.8292875124141573,0.08079992718994616,0.8579574769064783,29.975292438268667,0.18657373301684851,1.1008879099786282,1.4895897335372865,0.774443956978619,0.5836088170297444
L04085,G08,P01,true,4,39,4,0.49889955644309525,0.7949442828074097,0.41301473416388035,0.9884839212000369,31.70607955008746,0.04134417474269861,0.4009756487607956,1.5,0.786514564730227,0.4984654256142676
L00036,G01,P01,true,3,39,4,0.6976142816901206,0.3999369570091367,1.9727872831374407,0.88312738520056,32.052355206906796,0.11725333847105497,0.3079096409231424,0.930461916010827,0.8964623600915075,0.2874948977306485
L00121,G01,P01,true,3,39,4,0.7043445632494986,0.43052709113061427,1.925380674675107,0.9019676606349647,32.21143293052912,0.13261942643672223,0.3290845108926296,0.9106755887344481,0.8854426074370741,0.28902973115444186
L00346,G01,P01,true,3,39,4,0.7286082987882196,0.39807075686752796,1.9721696818619967,0.9091207393638789,31.778826299607754,0.1389084861800074,0.3363013049066066,0.927984829992056,0.8918887301489711,0.3249550822935998
L00373,G01,P01,true,3,39,4,0.690519759865105,0.4465310974866152,1.9795728185772896,0.8796469751171767,32.0224502299726,0.141322988346219,0.35822404778003686,0.9355911703035237,0.902472629442811,0.3377026035636663
L00399,G01,P01,true,3,39,4,0.7229245961986481,0.4438294722661376,1.917507905215025,0.9045038147680461,31.879819034188987,0.13146671116352077,0.35949484361708156,0.9092910472489895,0.9010181686200202,0.3239686014689505
L00459,G01,P01,true,3,39,4,0.7168192427493632,0.4431906792744994,1.9485559304058553,0.899483425951004,32.701428644657135,0.1407841501384973,0.29990704277157776,0.9482269980199636,0.8892040203012526,0.2993624234944582
L00482,G01,P01,true,3,39,4,0.7204883108086884,0.4007052508890629,1.9831642216444016,0.905622994004935,31.721429606974127,0.11659682869911188,0.29233877407014364,0.9511680608801545,0.9022016004957258,0.29807815689593553
L00570,G02,P01,true,3,39,4,0.6843723188396543,0.40486688647419217,1.9829826755449176,0.8885226975008844,33.01354278288782,0.08550351783633225,0.3673341471329331,0.9417066399939359,0.8756976773124189,0.30952777024358513
L00771,G02,P01,true,3,39,4,0.687130662491545,0.4677537814155221,2.0,0.9051015501376241,34.07565785609186,0.07870156429707997,0.2,0.8713175334502012,0.8415632083900273,0.24644583421759308
L00843,G02,P01,true,3,39,4,0.6997965949084609,0.47873238403350116,2.0,0.8643638602085411,33.62771018184721,0.09679354457184666,0.41090967118740074,1.0051018483936789,0.872120736964047,0.3007303318474442
L00860,G02,P01,true,3,39,4,0.7332292093653231,0.418711839299649,1.942069500312209,0.8513997303452342,30.739447912573816,0.12082889182493085,0.419529682919383,0.9427347666118295,0.8953471990358085,0.31409971676766874
L00962,G02,P01,true,3,39,4,0.6631268582269549,0.39240563808009027,1.9884425582364202,0.9127687929235399,34.091517352312806,0.162695647124201,0.38126747958362095,0.9197636214550585,0.9176580116823316,0.3655288479756564
L01078,G03,P01,true,3,39,4,0.7522106622606516,0.5528632899746299,2.0,0.8854925100468098,33.68083970323205,0.05953813344240183,0.2,0.9553759949281813,0.8904388347417116,0.3811629317700863
L01150,G03,P01,true,3,39,4,0.7297599916197359,0.5223697116971016,2.0,0.970641930989921,32.40365546196699,0.043283387459814485,0.5291052142530679,0.7933299332857133,0.947736816354096,0.39620197992771866
L01216,G03,P01,true,3,39,4,0.645019251357764,0.4676602509245276,1.905069188401103,0.8863481524400413,29.38209435492754,0.03227247986942523,0.534475204795599,0.9427217418327929,0.9137443239763379,0.3934103437699378
L01277,G03,P01,true,3,39,4,0.6900490414761007,0.37680735349655153,1.8798419915139675,0.8871008777581154,35.70009368062019,0.05468824971467251,0.32551288500428194,1.0201183224096895,0.8712059261240065,0.3499986008740962
L01399,G03,P01,true,3,39,4,0.804542626298964,0.4038381624221802,1.856053540110588,0.8151527170874178,33.06324151083827,0.04707539230585092,0.2,1.0006965891458095,0.8103113927878439,0.3394970971159637
L01601,G04,P01,true,3,39,4,0.8079214194975792,0.6474473639950156,1.859465827420354,0.7567305868268013,29.60421554669738,0.22867857124656432,0.2,0.7510262388736011,0.8650172305218875,0.017544981557875816
L01643,G04,P01,true,3,39,4,0.5435502565838396,0.47633493106812236,1.882038038596511,0.912298902824521,25.461697762459515,0.20443773325532671,0.7099703747779129,1.0577221903949978,0.9195379577837884,0.528853367920965
L02110,G05,P01,true,3,39,4,0.6347411339603365,0.6611588290408253,0.2906102342903614,0.9280391184404492,31.87262467637659,0.04431647628545755,0.8675395749807358,1.4467212212830782,0.9189225462831556,0.5265638387203216
L02265,G05,P01,true,3,39,4,0.6688739981256425,0.6797644523307681,0.28625244699418545,0.9298748274020849,30.863550240844496,0.07183395430445665,0.9063736903965472,1.4702599804848433,0.9128367292404175,0.5088403512351215
L02330,G05,P01,true,3,39,4,0.6466172730743885,0.6433028214350343,0.3301064816117287,0.9212481670491397,30.84197059795261,0.0633179455250501,0.8219162524193525,1.4400245936773717,0.9228875695683062,0.4988030875660479
L02374,G05,P01,true,3,39,4,0.6435904807038605,0.6495005610734224,0.2999999114125967,0.9192303897045552,30.78396500766278,0.040297300815582214,0.8107577383071184,1.4817121070064605,0.8929803290598094,0.5262919342517853
L02394,G05,P01,true,3,39,4,0.6475123707003891,0.6565527571216225,0.31018458180129527,0.9142444506391882,31.66976382270456,0.07106585092842573,0.9062166173756122,1.4481514050811528,0.9035282679073512,0.5032286908663809
L02414,G05,P01,true,3,39,4,0.6373755387723447,0.6472187473848462,0.28971077091991904,0.9243854421980678,31.69085635498167,0.0720839969068765,0.8914879124462604,1.4906552881747483,0.8942345766991376,0.55317945336923
L02569,G06,P01,true,3,39,4,0.6966130665652455,0.6589736944623291,0.2806925941258669,0.9248829774428158,32.95779550597072,0.026104880683124002,0.8406377765908837,1.4001185812521726,0.9066043476574123,0.47520722625777123
