response_id,scale
Y001,0.0106042569578364
Y002,1.8548675476577907
Y003,1.8548675476577907
Y004,1.8548675476577907
Y005,0.005769230769230773
Y006,0.005769230769230773
Y007,0.005769230769230773
Y008,2.814757758620689
Y009,2.814757758620689
Y010,2.814757758620689
Y011,0.44229407327586195
Y012,0.44229407327586195
Y013,0.44229407327586195
Y014,0.1
Y015,0.14506249999999965
Y016,0.018596439861203573
Y017,0.026696683671967814
Y018,0.026696683671967814
Y019,0.026696683671967814
Y020,0.8779560344827573
Y021,0.8779560344827573
Y022,0.8779560344827573
Y023,20.156818965517346
Y024,20.156818965517346
Y025,20.156818965517346
Y026,0.6695064826949515
Y027,0.6695064826949515
Y028,0.6695064826949515
Y029,0.3009540195835236
Y030,0.3009540195835236
Y031,0.3009540195835236
Y032,0.4156674516267366
Y033,0.4156674516267366
Y034,0.4156674516267366
Y035,0.18578214535430368
Y036,0.18578214535430368
Y037,0.18578214535430368
Y038,0.04559013429752068
Y039,0.04559013429752068
Y040,0.04559013429752068
Y041,0.0018526409778129769
Y042,0.0018526409778129769
Y043,0.0018526409778129769
Y044,0.014077727588716366
Y045,0.014077727588716366
Y046,0.014077727588716366
Y047,0.11950676186848415
Y048,0.11950676186848415
Y049,0.11950676186848415
Y050,0.032424035167703646
Y051,0.032424035167703646
Y052,0.032424035167703646
Y053,0.11879929819337331
Y054,0.11879929819337331
Y055,0.11879929819337331
Y056,0.5940530548933641
Y057,0.5940530548933641
Y058,0.5940530548933641
Y059,0.5839161678870488
Y060,0.5839161678870488
Y061,0.5839161678870488
Y062,0.19693491135845864
Y063,0.19693491135845864
Y064,0.19693491135845864
Y065,0.49472921515477375
Y066,0.49472921515477375
Y067,0.49472921515477375
Y068,1.4113910224176363
Y069,1.4113910224176363
Y070,1.4113910224176363
Y071,0.6593689191362085
Y072,0.6593689191362085
Y073,0.6593689191362085
Y074,0.2897096590645506
Y075,0.2897096590645506
Y076,0.2897096590645506
Y077,0.4321115395560575
Y078,0.4321115395560575
Y079,0.4321115395560575
Y080,0.26831226675787245
Y081,0.26831226675787245
Y082,0.26831226675787245
Y083,0.06356705096136489
Y084,0.06356705096136489
Y085,0.06356705096136489
Y086,0.3075046059008259
Y087,0.3075046059008259
Y088,0.3075046059008259
Y089,0.2893871030635542
Y090,0.2893871030635542
Y091,0.2893871030635542
Y092,0.022736268514032487
Y093,0.022736268514032487
Y094,0.022736268514032487
Y095,0.0792086686824652
Y096,0.0792086686824652
Y097,0.0792086686824652
Y098,0.46969661070413793
Y099,0.46969661070413793
Y100,0.46969661070413793
Y101,0.21546256929754326
Y102,0.21546256929754326
Y103,0.21546256929754326
Y104,0.36513592118771687
Y105,0.36513592118771687
Y106,0.36513592118771687
Y107,0.5472445253126793
Y108,0.5472445253126793
Y109,0.5472445253126793
Y110,0.013443029618417224
Y111,0.013443029618417224
Y112,0.013443029618417224
Y113,0.02650000000000001
Y114,0.02650000000000001
Y115,0.02650000000000001
Y116,0.66464160159509
Y117,0.66464160159509
Y118,0.66464160159509
Y119,0.2511918411704807
Y120,0.2511918411704807
Y121,0.2511918411704807
Y122,0.265179905316279
Y123,0.265179905316279
Y124,0.265179905316279
Y125,0.2376820297077215
Y126,0.2376820297077215
Y127,0.2376820297077215
Y128,0.2496572998772309
Y129,0.2496572998772309
Y130,0.2496572998772309
Y131,0.2633297082059043
Y132,0.2633297082059043
Y133,0.2633297082059043
Y134,0.26526913149175824
Y135,0.26526913149175824
Y136,0.26526913149175824
Y137,0.2612261747953745
Y138,0.2612261747953745
Y139,0.2612261747953745
Y140,0.26349249734020586
Y141,0.26349249734020586
Y142,0.26349249734020586
Y143,0.26363865511810936
Y144,0.26363865511810936
Y145,0.26363865511810936
Y146,0.26247107944380366
Y147,0.26247107944380366
Y148,0.26247107944380366
Y149,0.012692307692307697
Y150,0.012692307692307697
Y151,0.012692307692307697
Y152,0.1499999999999999
Y153,0.1
Y154,0.08310751728991761
Y155,341.4877822573262
Y156,341.4877822573262
Y157,341.4877822573262
