target_id,value_response,lo_response,hi_response,lower,upper,rule
T001,Y001,,,0.6265850245545809,0.6477935384702537,VALUE
T002,Y002,Y003,Y004,0.9886415880651008,4.698376683380682,INTERVAL
T003,Y005,Y006,Y007,0.0553846153846154,0.06692307692307695,INTERVAL
T004,Y008,Y009,Y010,-2.405315301724138,3.2242002155172407,INTERVAL
T005,Y011,Y012,Y013,-0.8813012931034481,0.0032868534482758537,INTERVAL
T006,Y014,,,0.005418903814199419,0.20541890381419942,VALUE
T007,Y015,,,2.18,2.4701249999999995,VALUE
T008,Y016,,,0.2927646297647349,0.32995750948714203,VALUE
T009,Y017,Y018,Y019,0.6204173163607202,0.6738106837046558,INTERVAL
T010,Y020,Y021,Y022,4.938893965517242,6.694806034482757,INTERVAL
T011,Y023,Y024,Y025,1521.9573534482756,1562.2709913793103,INTERVAL
T012,Y026,Y027,Y028,0.7069784852738304,2.0459914506637333,INTERVAL
T013,Y029,Y030,Y031,0.3563441522919454,0.9582521914589925,INTERVAL
T014,Y032,Y033,Y034,1.3888814780592063,2.2202163813126794,INTERVAL
T015,Y035,Y036,Y037,0.40969605600684417,0.7812603467154515,INTERVAL
T016,Y038,Y039,Y040,0.777372804752066,0.8685530733471074,INTERVAL
T017,Y041,Y042,Y043,0.0033784723603769214,0.007083754316002875,INTERVAL
T018,Y044,Y045,Y046,0.08449363004969317,0.1126490852271259,INTERVAL
T019,Y047,Y048,Y049,0.23189907473838042,0.4709125984753487,INTERVAL
T020,Y050,Y051,Y052,0.1869332209548888,0.2517812912902961,INTERVAL
T021,Y053,Y054,Y055,0.42697446002197204,0.6645730564087187,INTERVAL
T022,Y056,Y057,Y058,-2.7568832736056903,-1.568777163818962,INTERVAL
T023,Y059,Y060,Y061,1.0512458937044924,2.21907822947859,INTERVAL
T024,Y062,Y063,Y064,1.6013811972384824,1.9952510199553997,INTERVAL
T025,Y065,Y066,Y067,-1.8645113805577929,-0.8750529502482454,INTERVAL
T026,Y068,Y069,Y070,0.9249297857865029,3.747711830621775,INTERVAL
T027,Y071,Y072,Y073,1.500008563161457,2.818746401433874,INTERVAL
T028,Y074,Y075,Y076,-1.8600374658682388,-1.2806181477391376,INTERVAL
T029,Y077,Y078,Y079,0.647991791504376,1.512214870616491,INTERVAL
T030,Y080,Y081,Y082,1.8217591179059582,2.358383651421703,INTERVAL
T031,Y083,Y084,Y085,-0.6339769750900185,-0.5068428731672887,INTERVAL
T032,Y086,Y087,Y088,0.3278637051517057,0.9428729169533575,INTERVAL
T033,Y089,Y090,Y091,1.6128539303606124,2.191628136487721,INTERVAL
T034,Y092,Y093,Y094,-0.15777920518480265,-0.11230666815673768,INTERVAL
T035,Y095,Y096,Y097,0.020327853057073034,0.17874519042200346,INTERVAL
T036,Y098,Y099,Y100,1.684772031891449,2.624165253299725,INTERVAL
T037,Y101,Y102,Y103,-1.6310138211294742,-1.2000886825343877,INTERVAL
T038,Y104,Y105,Y106,-0.26308598429298863,0.46718585808244517,INTERVAL
T039,Y107,Y108,Y109,1.760726854275217,2.8552159049005756,INTERVAL
T040,Y110,Y111,Y112,0.005913261931173582,0.03279932116800803,INTERVAL
T041,Y113,Y114,Y115,0.217,0.27,INTERVAL
T042,Y116,Y117,Y118,1.8791028779152161,3.208386081105396,INTERVAL
T043,Y119,Y120,Y121,-0.4551796628009153,0.04720401954004606,INTERVAL
T044,Y122,Y123,Y124,-0.2445109387448245,0.2858488718877335,INTERVAL
T045,Y125,Y126,Y127,0.07463564030553058,0.5499996997209736,INTERVAL
T046,Y128,Y129,Y130,-0.4666429205550032,0.032671679199458556,INTERVAL
T047,Y131,Y132,Y133,-0.3464810932165606,0.18017832319524796,INTERVAL
T048,Y134,Y135,Y136,-0.25456657327929655,0.27597168970421987,INTERVAL
T049,Y137,Y138,Y139,-0.18410548825521553,0.33834686133553354,INTERVAL
T050,Y140,Y141,Y142,-0.18384875468654766,0.3431362399938641,INTERVAL
T051,Y143,Y144,Y145,-0.33999625337457806,0.1872810568616406,INTERVAL
T052,Y146,Y147,Y148,-0.36210492583191506,0.16283723305569228,INTERVAL
T053,Y149,Y150,Y151,0.3738461538461539,0.3992307692307693,INTERVAL
T054,Y152,,,1.35,1.65,VALUE
T055,Y153,,,-0.25860240440502064,-0.058602404405020625,VALUE
T056,Y154,,,0.8337849654201648,1.0,VALUE
T057,Y155,Y156,Y157,1143.9084615841934,1826.8840260988459,INTERVAL
